[
{
  "model": "base.people",
  "pk": 1,
  "fields": {
    "created": "2021-08-14T23:11:50.816Z",
    "modified": "2021-08-14T23:21:55.268Z",
    "status": "published",
    "status_changed": "2021-08-14T23:11:50.936Z",
    "first_name": "Mitchell",
    "last_name": "Barlow",
    "phone_number": "+260970123456",
    "email_address": "kathleen@example.com",
    "position": "Managing Director",
    "bio": "<p data-block-key=\"timq7\">Bacon fan. Subtly charming tvaholic. Music ninja. Gamer. Freelance food enthusiast. Friendly internet fanatic.</p>",
    "facebook": "",
    "twitter": "https://twitter.com/CarlaNotarobot",
    "linked_in": "https://za.linkedin.com/company/mtn-south-africa",
    "image": 10
  }
},
{
  "model": "base.people",
  "pk": 2,
  "fields": {
    "created": "2021-08-14T23:14:55.947Z",
    "modified": "2021-08-14T23:21:23.831Z",
    "status": "published",
    "status_changed": "2021-08-14T23:14:55.973Z",
    "first_name": "Vanessa",
    "last_name": "Butler",
    "phone_number": "+260960123456",
    "email_address": "janegill@hill.com",
    "position": "Senior Engineer",
    "bio": "<p data-block-key=\"ij3qg\">Lifelong writer. Award-winning bacon maven. Food expert. Future teen idol. Social media ninja</p>",
    "facebook": "https://www.facebook.com/groups/1618373848323052/",
    "twitter": "https://twitter.com/ThePracticalDev",
    "linked_in": "https://www.linkedin.com/company/vodafone",
    "image": 11
  }
},
{
  "model": "base.people",
  "pk": 3,
  "fields": {
    "created": "2021-08-14T23:16:26.116Z",
    "modified": "2021-08-14T23:22:11.922Z",
    "status": "published",
    "status_changed": "2021-08-14T23:16:26.169Z",
    "first_name": "Jasmine",
    "last_name": "Todd",
    "phone_number": "+260950123456",
    "email_address": "duncan89@begum.com",
    "position": "Director - Operations",
    "bio": "<p data-block-key=\"r7xxm\">General tv trailblazer. Twitteraholic. Food practitioner. Coffee aficionado. Music fan</p>",
    "facebook": "",
    "twitter": "https://twitter.com/linode",
    "linked_in": "https://www.linkedin.com/company/microsoft",
    "image": 12
  }
},
{
  "model": "base.people",
  "pk": 4,
  "fields": {
    "created": "2021-08-14T23:18:31.400Z",
    "modified": "2021-08-14T23:18:31.400Z",
    "status": "published",
    "status_changed": "2021-08-14T23:18:31.453Z",
    "first_name": "Christopher",
    "last_name": "Simon",
    "phone_number": "+260950004488",
    "email_address": "reyescrystal@yahoo.com",
    "position": "Solutions Architect",
    "bio": "",
    "facebook": "",
    "twitter": "https://twitter.com/LadybugPodcast",
    "linked_in": "",
    "image": 13
  }
},
{
  "model": "home.homepage",
  "pk": 3,
  "fields": {}
},
{
  "model": "home.aboutpage",
  "pk": 4,
  "fields": {}
},
{
  "model": "blog.articlepage",
  "pk": 7,
  "fields": {
    "summary": "Serve member writer computer source. Term final moment call loss three. Subject down when various American leg forget. Whether raise organization apply left police before building. Add serious whose old outside can improve bill.",
    "cover_picture": 1,
    "content": "[{\"type\": \"paragraph_block\", \"value\": \"<p data-block-key=\\\"f7s5q\\\">Sugar plum gummies cookie  cake drag\\u00e9e wafer dessert sweet roll cake. Macaroon pie topping tiramisu  lemon drops lemon drops chocolate cake tart. Bonbon ice cream pastry  jelly jelly. Cookie lollipop shortbread fruitcake souffl\\u00e9 biscuit pie.  Candy canes tart bonbon chocolate cake apple pie souffl\\u00e9 jelly gummies  topping. Wafer sugar plum biscuit marshmallow cheesecake. Chupa chups  ice cream gummies apple pie powder cotton candy chocolate cake. Chupa  chups muffin marzipan halvah cotton candy. </p><ul><li data-block-key=\\\"dkua7\\\">Gummi bears dessert danish  jujubes tootsie roll bonbon muffin. </li><li data-block-key=\\\"3i5nb\\\">Croissant sesame snaps <b>topping jelly</b>  beans tootsie roll. </li><li data-block-key=\\\"20c4l\\\">Caramels biscuit pie tiramisu gummies cookie cake  gingerbread jelly beans. </li><li data-block-key=\\\"ag2nf\\\">Toffee liquorice donut cake biscuit pudding  candy croissant oat cake. </li><li data-block-key=\\\"am4n\\\">Shortbread cake tiramisu sugar plum gummies  cookie wafer pastry.</li></ul><p data-block-key=\\\"8vgo3\\\">Chocolate cake souffl\\u00e9 bear  claw chocolate chocolate bar ice cream. Ice cream dessert apple pie  carrot cake chupa chups lollipop. Gummies sugar plum chupa chups lemon  drops chocolate powder wafer. Chocolate cake fruitcake marzipan pastry  sugar plum croissant biscuit. Tiramisu bear claw chocolate cake pudding  lollipop halvah icing brownie. Apple pie biscuit gingerbread sweet  caramels sweet shortbread jelly beans. Brownie danish pastry sweet  halvah tootsie roll pie cake danish. Drag\\u00e9e cookie dessert tootsie roll  sesame snaps pastry gummies souffl\\u00e9. Bear claw dessert cookie brownie  chocolate. Cupcake croissant candy canes donut icing marzipan gummi  bears. Souffl\\u00e9 pastry marzipan souffl\\u00e9 jelly-o shortbread toffee  marzipan ice cream. Ice cream gummi bears carrot cake tart icing jelly-o  muffin. Jelly cookie pastry marshmallow pie caramels souffl\\u00e9 souffl\\u00e9  apple pie.</p><p data-block-key=\\\"f8et\\\">Chocolate bar biscuit topping gummi  bears caramels lemon drops cake topping chupa chups. Cake biscuit cookie  sweet roll jelly beans. Cotton candy cheesecake tootsie roll souffl\\u00e9  halvah icing. Cake drag\\u00e9e <i>oat cake shortbread</i> sweet roll. Tootsie roll  powder croissant sweet chocolate bar gingerbread jujubes</p><p data-block-key=\\\"e1vk8\\\">Icing jelly  candy canes dessert oat cake shortbread apple pie. Pudding cake danish  fruitcake bonbon drag\\u00e9e shortbread marshmallow cookie. Chocolate bar  sesame snaps liquorice bear claw sesame snaps. Pastry ice cream muffin  icing candy canes icing ice cream. Liquorice gummi bears caramels  macaroon ice cream jujubes candy. Drag\\u00e9e cookie caramels oat cake chupa  chups candy. Chupa chups gummies powder tootsie roll <i>tootsie roll apple </i> pie.</p><p data-block-key=\\\"dv81h\\\"></p><embed embedtype=\\\"media\\\" url=\\\"https://www.youtube.com/watch?v=otDOHt_Jges\\\"/><p data-block-key=\\\"f2efs\\\"></p><p data-block-key=\\\"3hugs\\\">Chupa chups lollipop candy canes pie sweet  roll cookie lollipop lollipop. Biscuit gummi bears jujubes jujubes  tootsie roll. Cotton candy pudding marzipan pudding cookie sesame snaps.  Sesame snaps cake donut croissant pie souffl\\u00e9. Gingerbread jujubes  sweet tootsie roll gummi bears jujubes icing. </p><ol><li data-block-key=\\\"e3213\\\">Cake pudding tootsie roll  bonbon bonbon. </li><li data-block-key=\\\"4o50v\\\">Danish shortbread gingerbread lemon drops jelly-o. </li><li data-block-key=\\\"4f0k4\\\">Bonbon  cheesecake sesame snaps candy cotton candy. </li><li data-block-key=\\\"e49dr\\\">Cupcake bear claw toffee  cotton candy souffl\\u00e9. </li></ol><p data-block-key=\\\"8gls8\\\">Liquorice halvah danish wafer pie icing tootsie  roll chocolate cake chocolate. Sweet roll sweet roll dessert brownie  halvah souffl\\u00e9 gummi bears chocolate cake. Cupcake wafer cake sweet roll  carrot cake jelly macaroon marzipan icing. Jelly halvah candy halvah  topping.</p><p data-block-key=\\\"eu2f2\\\">Pudding fruitcake topping cake cake.  Toffee cake sweet roll cake bonbon fruitcake. Sweet sweet roll wafer  jelly-o tiramisu liquorice chocolate marshmallow. Jelly beans bonbon  icing ice cream danish dessert. Pie ice cream sugar plum chupa chups  chocolate jelly chocolate bar pastry lollipop. Carrot cake cookie  croissant oat cake candy canes cheesecake fruitcake marzipan. Pie halvah  dessert tart cake marzipan lollipop pie candy canes. Cotton candy  pudding chupa chups dessert chocolate bar. Chocolate bar candy canes  bonbon lollipop icing powder chocolate. Sesame snaps sugar plum jujubes  chocolate bar chocolate bar dessert cake. Marzipan cake sweet marzipan  muffin. Chocolate toffee liquorice wafer liquorice.</p>\", \"id\": \"1733394d-68b7-4404-a400-9d70b02ff993\"}]",
    "date_published": "2014-08-05",
    "author": "Jack Guerra",
    "article_type": "Post",
    "external_url": null
  }
},
{
  "model": "blog.articlepage",
  "pk": 8,
  "fields": {
    "summary": "Shoulder chicken dolor qui ullamco strip steak ground round fugiat chislic tempor eu rump ut bresaola. Pastrami bresaola short loin cillum tongue nostrud. Salami pork chop minim magna ground round chicken venison in flank duis prosciutto pariatur.",
    "cover_picture": 2,
    "content": "[{\"type\": \"heading_block\", \"value\": {\"heading_text\": \"Let's consider the state of play\", \"size\": \"h3\"}, \"id\": \"41ab396e-382c-43f6-9591-5927690e745d\"}, {\"type\": \"paragraph_block\", \"value\": \"<p data-block-key=\\\"6qq4t\\\">Among design professionals, there&#x27;s a bit of controversy surrounding the filler text. Controversy, as in <a href=\\\"https://www.lukew.com/ff/entry.asp?927\\\">Death to Lorem Ipsum</a>. </p><p data-block-key=\\\"3i4le\\\">The strength of <i>lorem ipsum</i>  is its weakness: it doesn&#x27;t communicate. To some, designing a website  around placeholder text is unacceptable, akin to sewing a custom suit  without taking measurements.</p><p data-block-key=\\\"e089m\\\"><i>Lorem ipsum</i> is so ubiquitous because it is so versatile. Select  how many paragraphs you want, copy, paste, and break the lines wherever  it is convenient. Real copy doesn&#x27;t work that way.</p>\", \"id\": \"647fd557-7de5-42d0-ba22-e8009f96bee4\"}, {\"type\": \"heading_block\", \"value\": {\"heading_text\": \"But what about the masses?\", \"size\": \"h3\"}, \"id\": \"a8fb64ea-659c-4213-b22c-769aaa1b2eb8\"}, {\"type\": \"paragraph_block\", \"value\": \"<p data-block-key=\\\"6qq4t\\\">Pig sausage dolore, pancetta hamburger tenderloin enim strip steak.   Ribeye eu et ex anim consequat.  Mollit id non sunt, porchetta eiusmod  meatloaf chislic fatback ground round kielbasa enim.  <i>Exercitation qui</i>  landjaeger tail, alcatra commodo esse ground round.  In pork loin in  anim dolore pork belly corned beef nostrud drumstick elit ball tip  fugiat exercitation magna jowl.  Reprehenderit tenderloin prosciutto  velit, aliqua ribeye veniam turkey shoulder kielbasa id corned beef  <b>mollit laborum non</b>.</p><p data-block-key=\\\"8hnup\\\">Exercitation chuck reprehenderit pork nulla  fatback porchetta.  Dolore in porchetta et ground round aute.  Chicken  meatloaf duis ut buffalo tri-tip pariatur in do nisi eiusmod labore beef  ribs.  <i>Ut brisket incididunt in</i>.  Pig short loin officia pork chop ad  ut.  Excepteur ribeye chuck, shankle rump burgdoggen consectetur strip  steak eiusmod laboris chislic pancetta ad drumstick cupidatat.</p>\", \"id\": \"dc4b7ba9-3427-4d07-aa00-663ec39d7fe1\"}, {\"type\": \"heading_block\", \"value\": {\"heading_text\": \"And now for something completely different\", \"size\": \"h3\"}, \"id\": \"c9ac58bc-69ab-4dec-8157-4dc19c7f4432\"}, {\"type\": \"paragraph_block\", \"value\": \"<p data-block-key=\\\"6qq4t\\\">Cupcake ipsum dolor sit amet jelly tiramisu caramels. Carrot cake  <i>caramels cupcake</i> tart drag\\u00e9e. Jujubes halvah cheesecake sweet jujubes  chocolate bar jujubes candy bear claw. Candy canes dessert biscuit  drag\\u00e9e liquorice candy donut pastry. Halvah <b>marshmallow brownie</b> sweet  roll fruitcake liquorice tiramisu</p>\", \"id\": \"b245897e-0965-4165-b296-a5d52e7cc323\"}, {\"type\": \"embed_block\", \"value\": \"https://www.youtube.com/watch?v=JKxlsvZXG7c\", \"id\": \"006d5f58-00cc-45f4-97de-62755ce9cf80\"}, {\"type\": \"paragraph_block\", \"value\": \"<p data-block-key=\\\"6qq4t\\\">Jelly beans chupa chups cake fruitcake sesame snaps lollipop chocolate.  Candy sugar plum brownie gummies jelly beans sugar plum wafer halvah  sweet roll. Jelly-o gingerbread chocolate bar pudding cupcake lemon  drops. Drag\\u00e9e toffee cotton candy muffin danish jelly-o. Macaroon  marzipan lemon drops bear claw jelly bear claw. Toffee sweet roll  chocolate bar pudding marzipan gummi bears tiramisu sesame snaps. Sweet  jelly beans oat cake halvah marzipan tootsie roll sweet tiramisu.  Macaroon cotton candy pie muffin souffl\\u00e9 dessert. Halvah bonbon caramels  souffl\\u00e9 lemon drops chocolate.</p>\", \"id\": \"e242568f-1522-4586-a86b-681ebab34e10\"}, {\"type\": \"heading_block\", \"value\": {\"heading_text\": \"Closing thoughts\", \"size\": \"h3\"}, \"id\": \"3893dd95-360f-4186-90af-a804ccd1a819\"}, {\"type\": \"paragraph_block\", \"value\": \"<ul><li data-block-key=\\\"6qq4t\\\">Beef irure laboris sirloin elit est sunt doner turkey. </li><li data-block-key=\\\"ecmne\\\">Pork chop  brisket reprehenderit in boudin prosciutto nulla bacon laboris voluptate  adipisicing jerky dolor. </li><li data-block-key=\\\"acn45\\\">Culpa drumstick chuck ham dolore minim  adipisicing proident tenderloin doner cupidatat. </li><li data-block-key=\\\"cm8h4\\\">Reprehenderit tempor  drumstick aliqua, hamburger biltong jerky ball tip pork excepteur anim.  </li><li data-block-key=\\\"4nklc\\\">Swine pastrami turducken consequat pork loin chicken elit.</li></ul>\", \"id\": \"39b165a5-62b6-4758-bb43-86289c62bf80\"}]",
    "date_published": "2019-11-17",
    "author": "Meghan Scott",
    "article_type": "Post",
    "external_url": null
  }
},
{
  "model": "blog.articlepage",
  "pk": 9,
  "fields": {
    "summary": "When you are designing with Lorem Ipsum, you diminish the importance of the copy by lowering it to the same level as any other visual element. The text simply becomes another supporting role, serving to make other aspects more aesthetic. Instead of your design enhancing the meaning of the content, your content is enhancing your design.",
    "cover_picture": 3,
    "content": "[]",
    "date_published": "2020-01-01",
    "author": "Tracy Jones",
    "article_type": "URL",
    "external_url": "https://simpleisbetterthancomplex.com/tutorial/2016/07/26/how-to-reset-migrations.html"
  }
},
{
  "model": "blog.articlepage",
  "pk": 10,
  "fields": {
    "summary": "Lorem Ipsum doesn’t exist because people think the content is meaningless window dressing, only there to be decorated by designers who can’t be bothered to read. Lorem Ipsum exists because words are powerful. If you fill up your page with draft copy about your client’s business, they will read it. They will comment on it. They will be inexorably drawn to it. Presented the wrong way, draft copy can send your design review off the rails.",
    "cover_picture": 4,
    "content": "[{\"type\": \"paragraph_block\", \"value\": \"<p data-block-key=\\\"v0cy9\\\">Dolore beef culpa, jowl prosciutto veniam tail laborum mollit.   Ullamco pig burgdoggen adipisicing corned beef jowl.  Nostrud lorem est,  dolor ball tip anim tenderloin qui jowl deserunt landjaeger pork belly  pig rump.  Shoulder ham hock lorem chuck, reprehenderit enim kevin  meatball deserunt spare ribs capicola.  Tri-tip fugiat pastrami, salami  do shank eiusmod beef cupidatat pork chop cow strip steak chicken  nostrud pork belly.  Chuck sint duis deserunt.</p><p data-block-key=\\\"3skr8\\\">Fatback deserunt  beef pork belly shankle boudin meatball reprehenderit non ball tip  consectetur turkey.  Reprehenderit shoulder capicola flank pastrami  leberkas buffalo velit nulla bresaola.  Rump chicken et ut culpa ea beef  ribs swine capicola sirloin.  Dolore ribeye meatball, laborum corned  beef ham elit dolore alcatra turkey hamburger sirloin.  Consequat pork  chop in ad turducken qui irure officia cow meatloaf labore dolore culpa.   Eu duis do velit pork belly incididunt proident chislic reprehenderit  quis ut picanha aute.</p>\", \"id\": \"6feec679-dda1-470d-91b8-50f7e5608cb7\"}, {\"type\": \"block_quote\", \"value\": {\"text\": \"Pie wafer chupa chups jelly beans lollipop gingerbread tootsie roll chocolate bar. Pastry tart fruitcake jelly beans souffl\\u00e9 jujubes carrot cake brownie\", \"attribute_name\": \"Dr. Louise Clarke\"}, \"id\": \"66c0f755-c93f-4ffb-a236-a0e260ae8d71\"}, {\"type\": \"paragraph_block\", \"value\": \"<p data-block-key=\\\"v0cy9\\\">Until recently, the prevailing view assumed <i>lorem ipsum</i> was born as a nonsense text. \\u201cIt&#x27;s not Latin, though it looks like it, and it actually says nothing,\\u201d <i>Before &amp; After</i> magazine <a href=\\\"https://www.straightdope.com/columns/read/2290/what-does-the-filler-text-lorem-ipsum-mean/\\\">answered a curious reader</a>,  \\u201cIts \\u2018words\\u2019 loosely approximate the frequency with which letters occur  in English, which is why at a glance it looks pretty real.\\u201d</p><p data-block-key=\\\"f9bdc\\\">As Cicero would put it, \\u201cUm, not so fast.\\u201d </p><p data-block-key=\\\"at864\\\">The placeholder text, beginning with the line <i>\\u201cLorem ipsum dolor sit amet, consectetur adipiscing elit\\u201d</i>, looks like Latin because in its youth, centuries ago, it was Latin. </p><p data-block-key=\\\"aisbl\\\">Richard McClintock, a Latin scholar from Hampden-Sydney College, is <a href=\\\"https://en.wikipedia.org/wiki/Lorem_ipsum\\\">credited</a> with discovering the source behind the ubiquitous filler text. In seeing a sample of <i>lorem ipsum</i>, his interest was piqued by <i>consectetur</i>\\u2014a genuine, albeit rare, Latin word. Consulting a Latin dictionary led McClintock to a passage from <i>De Finibus Bonorum et Malorum</i> (\\u201cOn the Extremes of Good and Evil\\u201d), a first-century B.C. text from the Roman philosopher Cicero. </p>\", \"id\": \"f79fe4fd-e183-4786-a9f6-884816dd6843\"}, {\"type\": \"embed_block\", \"value\": \"https://twitter.com/EddyVinckk/status/1426505046657798146\", \"id\": \"5ae99033-293f-48a9-ae2f-0faf674dd721\"}, {\"type\": \"paragraph_block\", \"value\": \"<p data-block-key=\\\"v0cy9\\\">In particular, the garbled words of <i>lorem ipsum</i> bear an unmistakable resemblance to sections 1.10.32\\u201333 of Cicero&#x27;s work!</p>\", \"id\": \"c07d9c0d-9bf9-4a1e-b66c-73116c0bd61e\"}]",
    "date_published": "2020-05-06",
    "author": "Jessica Finley",
    "article_type": "Shout",
    "external_url": null
  }
},
{
  "model": "blog.articlepage",
  "pk": 11,
  "fields": {
    "summary": "Creation timelines for the standard lorem ipsum passage vary, with some citing the 15th century and others the 20th. According to McClintock, a 15th century typesetter likely scrambled part of Cicero's De Finibus in order to provide placeholder text to mockup various fonts for a type specimen book",
    "cover_picture": 5,
    "content": "[]",
    "date_published": "2020-10-14",
    "author": "Heather Cook",
    "article_type": "URL",
    "external_url": "https://www.toptal.com/python/python-design-patterns"
  }
},
{
  "model": "blog.articlepage",
  "pk": 12,
  "fields": {
    "summary": "It's difficult to find examples of lorem ipsum in use before Letraset made it popular as a dummy text in the 1960s, although McClintock says he remembers coming across the lorem ipsum passage in a book of old metal type samples.",
    "cover_picture": 6,
    "content": "[{\"type\": \"paragraph_block\", \"value\": \"<p data-block-key=\\\"iil6z\\\">And anyways, as <a href=\\\"https://www.straightdope.com/columns/read/2290/what-does-the-filler-text-lorem-ipsum-mean/\\\">Cecil Adams reasoned</a>, \\u201c[Do you really] think graphic arts supply houses were hiring classics scholars in the 1960s?\\u201d Perhaps. But it seems reasonable to imagine that there was a version in use far before the age of Letraset.</p><p data-block-key=\\\"2n7uk\\\">As an <a href=\\\"https://www.deepadvantage.com/blog/lorem-ipsum/\\\">alternative theory</a>, (and because Latin scholars do this sort of thing) someone tracked down a 1914 Latin edition of <i>De Finibus</i> which challenges McClintock&#x27;s 15th century claims and suggests that the dawn of <i>lorem ipsum</i> was as recent as the 20th century. The 1914 Loeb Classical Library Edition ran out of room on page 34 for the Latin phrase \\u201cdolorem ipsum\\u201d (sorrow in itself). Thus, the truncated phrase leaves one page dangling with \\u201cdo-\\u201d, while another begins with the now ubiquitous \\u201clorem ipsum\\u201d.</p><p data-block-key=\\\"9ehka\\\">Whether a medieval typesetter chose to garble a well-known (but non-Biblical\\u2014that would have been sacrilegious) text, or whether a quirk in the 1914 Loeb Edition inspired a graphic designer, it&#x27;s admittedly an odd way for Cicero to sail into the 21st century.</p>\", \"id\": \"60d49676-93d7-42c6-a15b-ae40f152053b\"}, {\"type\": \"image_block\", \"value\": {\"image\": 9, \"caption\": \"Sensemaking in organisations\", \"attribution\": \"photograph by Kathleen Stephenson\"}, \"id\": \"78ea4e8e-4f23-4ca5-9df5-a140fbc57528\"}, {\"type\": \"paragraph_block\", \"value\": \"<p data-block-key=\\\"fgctz\\\">The placeholder text, beginning with the line <i>\\u201cLorem ipsum dolor sit amet, consectetur adipiscing elit\\u201d</i>, looks like Latin because in its youth, centuries ago, it was Latin.</p>\", \"id\": \"5c0a18a1-7559-4ede-abf4-f2208f166f4c\"}, {\"type\": \"table\", \"value\": {\"data\": [[\"Person\", \"Machine\", \"Context\"], [\"One Word\", \"What is the meaning of this?\", \"Hello there\"], [\"Another dummy word\", \"Well, what do you know?\", \"More giberrish\"], [\"Welcome to the band\", \"Are you here in town?\", \"What more do you want?\"], [\"Come on folks\", \"That's all folks\", \"Speedy Gonzales\"]], \"cell\": [], \"first_row_is_table_header\": true, \"first_col_is_header\": false, \"table_caption\": \"A medieval typesetter chose to garble a well-known thing\"}, \"id\": \"509c60fc-12ed-4b0b-bf52-0a85696406a1\"}, {\"type\": \"paragraph_block\", \"value\": \"<p data-block-key=\\\"iil6z\\\">At how bother typing \\u201clorem ipsum\\u201d into Google translate. If you already tried, you may have gotten <a href=\\\"https://krebsonsecurity.com/2014/08/lorem-ipsum-of-good-evil-google-china/\\\">anything from &quot;NATO&quot; to &quot;China&quot;</a>, depending on how you capitalized the letters. The bizarre translation was fodder for conspiracy theories, but Google has since updated its \\u201clorem ipsum\\u201d translation to, boringly enough, \\u201clorem ipsum\\u201d.</p><p data-block-key=\\\"4ep4i\\\">One brave soul did take a stab at translating the almost-not-quite-Latin. According to <a href=\\\"https://www.theguardian.com/books/booksblog/2014/mar/21/lorem-ipsum-translated-latin-placeholder-text\\\">The Guardian</a>, Jaspreet Singh Boparai undertook the challenge with the goal of making the text \\u201cprecisely as incoherent in English as it is in Latin - and to make it incoherent in the same way\\u201d. As a result, \\u201cthe Greek &#x27;eu&#x27; in Latin became the French &#x27;bien&#x27; [...] and the &#x27;-ing&#x27; ending in &#x27;lorem ipsum&#x27; seemed best rendered by an &#x27;-iendum&#x27; in English.\\u201d</p>\", \"id\": \"06702caa-c2ae-447a-a26e-462a6f423108\"}]",
    "date_published": "2021-03-03",
    "author": "Garry Warren",
    "article_type": "Info",
    "external_url": null
  }
},
{
  "model": "blog.articlepage",
  "pk": 13,
  "fields": {
    "summary": "He ejjnoyes, in order that somewon, also with a severe one, unless of life. May a cusstums offficer somewon nothing of a poison-filled. Until, from a twho, twho chaffinch may also pursue it, not even a lump.",
    "cover_picture": 7,
    "content": "[{\"type\": \"paragraph_block\", \"value\": \"<p data-block-key=\\\"ovsov\\\">Lemon drops shortbread jujubes croissant lemon drops muffin. Cake sesame  snaps sweet roll wafer marshmallow caramels. Donut liquorice pastry  gummies chocolate bar lemon drops. Marzipan chocolate sesame snaps oat  cake bonbon sugar plum tootsie roll. <b>Jelly-o wafer cotton candy drag\\u00e9e</b>  brownie tiramisu carrot cake. Marshmallow souffl\\u00e9 pastry drag\\u00e9e  chocolate. Carrot cake marzipan chocolate cake liquorice chocolate  jelly. </p><ul><li data-block-key=\\\"ftp01\\\">Gingerbread tootsie roll liquorice sweet jelly bear claw tiramisu  icing. </li><li data-block-key=\\\"45fua\\\">Chocolate bar wafer cotton candy chupa chups cotton candy jelly  sweet marshmallow donut. </li><li data-block-key=\\\"cepek\\\">Gingerbread carrot cake chocolate cake drag\\u00e9e  chocolate cake donut. </li></ul><p data-block-key=\\\"fbnr7\\\">Pie wafer chupa chups jelly beans lollipop  gingerbread tootsie roll chocolate bar. Pastry tart fruitcake jelly  beans souffl\\u00e9 jujubes carrot cake brownie. Toffee brownie caramels  marzipan sweet roll. Oat cake carrot cake sweet roll fruitcake bonbon  marshmallow.</p>\", \"id\": \"bb7b1b7a-a08b-4b0c-bae8-4c600e7d772d\"}, {\"type\": \"embed_block\", \"value\": \"https://twitter.com/elonmusk/status/1426558939336937481\", \"id\": \"e50b7921-43c3-4571-8bec-b74fb0713956\"}, {\"type\": \"paragraph_block\", \"value\": \"<p data-block-key=\\\"ovsov\\\">Nick Richardson <a href=\\\"https://www.lrb.co.uk/blog/2014/03/14/nick-richardson/translating-lorem-ipsum/\\\">described</a> the translation \\u201clike extreme <a href=\\\"https://www.lrb.co.uk/v24/n22/stephane-mallarme/notes-for-anatoles-tomb\\\">Mallarm\\u00e9</a>, or a <a href=\\\"https://www.lrb.co.uk/v15/n18/jeremy-harding/junk-mail\\\">Burroughsian</a> cut-up, or a paragraph of <a href=\\\"https://www.lrb.co.uk/v32/n24/michael-wood/quashed-quotatoes\\\">Finnegans Wake</a>.  Bits of it have surprising power: the desperate insistence on loving  and pursuing sorrow, for instance, that is cheated out of its  justification \\u2013 an incomplete object that has been either fished for, or  wished for.\\u201d</p>\", \"id\": \"cb7884ff-c7f8-4fb8-abdf-8f791c1ada3a\"}, {\"type\": \"image_block\", \"value\": {\"image\": 8, \"caption\": \"An image from the Deep North\", \"attribution\": \"photograph by Molly Fields\"}, \"id\": \"956a51ca-1ec1-44df-93b6-42154337d0e0\"}, {\"type\": \"paragraph_block\", \"value\": \"<p data-block-key=\\\"ovsov\\\">Richard McClintock, a Latin scholar from Hampden-Sydney College, is <a href=\\\"https://en.wikipedia.org/wiki/Lorem_ipsum\\\">credited</a> with discovering the source behind the ubiquitous filler text. In seeing a sample of <i>lorem ipsum</i>, his interest was piqued by <i>consectetur</i>\\u2014a genuine, albeit rare, Latin word. Consulting a Latin dictionary led McClintock to a passage from <i>De Finibus Bonorum et Malorum</i> (\\u201cOn the Extremes of Good and Evil\\u201d), a first-century B.C. text from the Roman philosopher Cicero.</p>\", \"id\": \"9e3b572d-5f71-49a6-a93d-3fd95ba73f2e\"}]",
    "date_published": "2021-07-10",
    "author": "Michael Gates",
    "article_type": "Misc",
    "external_url": null
  }
},
{
  "model": "blog.articleindexpage",
  "pk": 6,
  "fields": {
    "introduction": "Brother lot chair not chair about media. Understand occur effect answer us. Director rather present trial however everybody main."
  }
},
{
  "model": "contact.contactpagephonenumber",
  "pk": 1,
  "fields": {
    "sort_order": 0,
    "phone_number": "+441614960287",
    "page": 5
  }
},
{
  "model": "contact.contactpagephonenumber",
  "pk": 2,
  "fields": {
    "sort_order": 1,
    "phone_number": "+16109657780",
    "page": 5
  }
},
{
  "model": "contact.contactpageemailaddress",
  "pk": 1,
  "fields": {
    "sort_order": 0,
    "email_address": "dnewman@williams.com",
    "page": 5
  }
},
{
  "model": "contact.contactpageemailaddress",
  "pk": 2,
  "fields": {
    "sort_order": 1,
    "email_address": "chenry@ferguson.net",
    "page": 5
  }
},
{
  "model": "contact.contactpage",
  "pk": 5,
  "fields": {
    "address": "Unit 3269 Box 7250, DPO AP 80567"
  }
},
{
  "model": "wagtailembeds.embed",
  "pk": 1,
  "fields": {
    "url": "https://www.youtube.com/watch?v=otDOHt_Jges",
    "max_width": null,
    "hash": "56058752019a2bd1d9f2869c6d4c8dd7",
    "type": "video",
    "html": "<iframe width=\"200\" height=\"113\" src=\"https://www.youtube.com/embed/otDOHt_Jges?feature=oembed\" frameborder=\"0\" allow=\"accelerometer; autoplay; clipboard-write; encrypted-media; gyroscope; picture-in-picture\" allowfullscreen></iframe>",
    "title": "Why Linux Is Better For Programming",
    "author_name": "Kalle Hallden",
    "provider_name": "YouTube",
    "thumbnail_url": "https://i.ytimg.com/vi/otDOHt_Jges/hqdefault.jpg",
    "width": 200,
    "height": 113,
    "last_updated": "2021-08-14T22:34:42.207Z",
    "cache_until": null
  }
},
{
  "model": "wagtailembeds.embed",
  "pk": 2,
  "fields": {
    "url": "https://www.youtube.com/watch?v=JKxlsvZXG7c",
    "max_width": null,
    "hash": "206ce95cd0de512f8b053a4f9df68d9d",
    "type": "video",
    "html": "<iframe width=\"200\" height=\"113\" src=\"https://www.youtube.com/embed/JKxlsvZXG7c?feature=oembed\" frameborder=\"0\" allow=\"accelerometer; autoplay; clipboard-write; encrypted-media; gyroscope; picture-in-picture\" allowfullscreen></iframe>",
    "title": "NGINX Explained in 100 Seconds",
    "author_name": "Fireship",
    "provider_name": "YouTube",
    "thumbnail_url": "https://i.ytimg.com/vi/JKxlsvZXG7c/hqdefault.jpg",
    "width": 200,
    "height": 113,
    "last_updated": "2021-08-14T22:41:43.639Z",
    "cache_until": null
  }
},
{
  "model": "wagtailembeds.embed",
  "pk": 3,
  "fields": {
    "url": "https://twitter.com/EddyVinckk/status/1426505046657798146",
    "max_width": null,
    "hash": "9d2eb0298c80bec3afda356ec1a46630",
    "type": "rich",
    "html": "<blockquote class=\"twitter-tweet\"><p lang=\"en\" dir=\"ltr\">Who remembers updating websites via FTP? 🤚😭</p>&mdash; Eddy Vinck (@EddyVinckk) <a href=\"https://twitter.com/EddyVinckk/status/1426505046657798146?ref_src=twsrc%5Etfw\">August 14, 2021</a></blockquote>\n<script async src=\"https://platform.twitter.com/widgets.js\" charset=\"utf-8\"></script>\n",
    "title": "",
    "author_name": "Eddy Vinck",
    "provider_name": "Twitter",
    "thumbnail_url": "",
    "width": 550,
    "height": null,
    "last_updated": "2021-08-14T22:48:56.392Z",
    "cache_until": "2121-07-21T22:48:56.345Z"
  }
},
{
  "model": "wagtailembeds.embed",
  "pk": 4,
  "fields": {
    "url": "https://twitter.com/elonmusk/status/1426558939336937481",
    "max_width": null,
    "hash": "1fd1f1a189da350936811b306981604f",
    "type": "rich",
    "html": "<blockquote class=\"twitter-tweet\"><p lang=\"en\" dir=\"ltr\">Mad respect for the makers</p>&mdash; Elon Musk (@elonmusk) <a href=\"https://twitter.com/elonmusk/status/1426558939336937481?ref_src=twsrc%5Etfw\">August 14, 2021</a></blockquote>\n<script async src=\"https://platform.twitter.com/widgets.js\" charset=\"utf-8\"></script>\n",
    "title": "",
    "author_name": "Elon Musk",
    "provider_name": "Twitter",
    "thumbnail_url": "",
    "width": 550,
    "height": null,
    "last_updated": "2021-08-14T23:01:36.687Z",
    "cache_until": "2121-07-21T23:01:36.607Z"
  }
},
{
  "model": "wagtailimages.image",
  "pk": 1,
  "fields": {
    "collection": 1,
    "title": "Sign reach bad its employee head five age",
    "file": "original_images/post_01.jpg",
    "width": 1280,
    "height": 800,
    "created_at": "2021-08-14T22:30:05.234Z",
    "uploaded_by_user": [
      "{{ cookiecutter.wagtail_user_email }}"
    ],
    "focal_point_x": null,
    "focal_point_y": null,
    "focal_point_width": null,
    "focal_point_height": null,
    "file_size": 58050,
    "file_hash": "27363143c9d7117e6b941ddf30e2b0a71360cf07"
  }
},
{
  "model": "wagtailimages.image",
  "pk": 2,
  "fields": {
    "collection": 1,
    "title": "Business the huge fly",
    "file": "original_images/post_02.jpg",
    "width": 1280,
    "height": 719,
    "created_at": "2021-08-14T22:36:50.075Z",
    "uploaded_by_user": [
      "{{ cookiecutter.wagtail_user_email }}"
    ],
    "focal_point_x": null,
    "focal_point_y": null,
    "focal_point_width": null,
    "focal_point_height": null,
    "file_size": 197835,
    "file_hash": "4d4682b128d93132a66008750de86bf94c8d0acf"
  }
},
{
  "model": "wagtailimages.image",
  "pk": 3,
  "fields": {
    "collection": 1,
    "title": "despite zealous cries for the demise of lorem ipsum",
    "file": "original_images/post_03.jpg",
    "width": 1280,
    "height": 853,
    "created_at": "2021-08-14T22:43:21.247Z",
    "uploaded_by_user": [
      "{{ cookiecutter.wagtail_user_email }}"
    ],
    "focal_point_x": null,
    "focal_point_y": null,
    "focal_point_width": null,
    "focal_point_height": null,
    "file_size": 316408,
    "file_hash": "d13f8689c1cf145bb1c8d8cae2092db9e64cdafc"
  }
},
{
  "model": "wagtailimages.image",
  "pk": 4,
  "fields": {
    "collection": 1,
    "title": "get them to see he had to keep them from reading",
    "file": "original_images/post_04.png",
    "width": 1280,
    "height": 920,
    "created_at": "2021-08-14T22:45:41.963Z",
    "uploaded_by_user": [
      "{{ cookiecutter.wagtail_user_email }}"
    ],
    "focal_point_x": null,
    "focal_point_y": null,
    "focal_point_width": null,
    "focal_point_height": null,
    "file_size": 35650,
    "file_hash": "becf51641c6ac6b5fae3cdabdbf6c8d81a14bc94"
  }
},
{
  "model": "wagtailimages.image",
  "pk": 5,
  "fields": {
    "collection": 1,
    "title": "It's difficult to find examples of lorem ipsum in use",
    "file": "original_images/post_05.jpg",
    "width": 1280,
    "height": 640,
    "created_at": "2021-08-14T22:50:44.197Z",
    "uploaded_by_user": [
      "{{ cookiecutter.wagtail_user_email }}"
    ],
    "focal_point_x": null,
    "focal_point_y": null,
    "focal_point_width": null,
    "focal_point_height": null,
    "file_size": 84594,
    "file_hash": "69686b85f6c9bbf8d66562766f61e4007b535b51"
  }
},
{
  "model": "wagtailimages.image",
  "pk": 6,
  "fields": {
    "collection": 1,
    "title": "the popularity of Cicero",
    "file": "original_images/post_06.jpg",
    "width": 640,
    "height": 428,
    "created_at": "2021-08-14T22:52:53.363Z",
    "uploaded_by_user": [
      "{{ cookiecutter.wagtail_user_email }}"
    ],
    "focal_point_x": null,
    "focal_point_y": null,
    "focal_point_width": null,
    "focal_point_height": null,
    "file_size": 133164,
    "file_hash": "c8c6d7058f91dccde7c236a1c3370da38ea7d9cb"
  }
},
{
  "model": "wagtailimages.image",
  "pk": 7,
  "fields": {
    "collection": 1,
    "title": "another one",
    "file": "original_images/post_07.jpg",
    "width": 1280,
    "height": 853,
    "created_at": "2021-08-14T22:58:13.848Z",
    "uploaded_by_user": [
      "{{ cookiecutter.wagtail_user_email }}"
    ],
    "focal_point_x": null,
    "focal_point_y": null,
    "focal_point_width": null,
    "focal_point_height": null,
    "file_size": 112263,
    "file_hash": "721a8c7e8196655374f4fa649643bcf96728dcc3"
  }
},
{
  "model": "wagtailimages.image",
  "pk": 8,
  "fields": {
    "collection": 1,
    "title": "sample image",
    "file": "original_images/sample.jpg",
    "width": 640,
    "height": 360,
    "created_at": "2021-08-14T22:59:53.002Z",
    "uploaded_by_user": [
      "{{ cookiecutter.wagtail_user_email }}"
    ],
    "focal_point_x": null,
    "focal_point_y": null,
    "focal_point_width": null,
    "focal_point_height": null,
    "file_size": 30474,
    "file_hash": "816067bcac124b8901524e48e6299e8de14bc342"
  }
},
{
  "model": "wagtailimages.image",
  "pk": 9,
  "fields": {
    "collection": 1,
    "title": "an example image",
    "file": "original_images/sample_02.jpg",
    "width": 720,
    "height": 480,
    "created_at": "2021-08-14T23:02:32.898Z",
    "uploaded_by_user": [
      "{{ cookiecutter.wagtail_user_email }}"
    ],
    "focal_point_x": null,
    "focal_point_y": null,
    "focal_point_width": null,
    "focal_point_height": null,
    "file_size": 35646,
    "file_hash": "52e2a32b66705a5b61e4be6027ea6819f9ddb69a"
  }
},
{
  "model": "wagtailimages.image",
  "pk": 10,
  "fields": {
    "collection": 1,
    "title": "person_01.jpg",
    "file": "original_images/person_01.jpg",
    "width": 640,
    "height": 425,
    "created_at": "2021-08-14T23:10:27.292Z",
    "uploaded_by_user": [
      "{{ cookiecutter.wagtail_user_email }}"
    ],
    "focal_point_x": null,
    "focal_point_y": null,
    "focal_point_width": null,
    "focal_point_height": null,
    "file_size": 48631,
    "file_hash": "38f337fe3849fd3a88a5298ba2e339fd28d69543"
  }
},
{
  "model": "wagtailimages.image",
  "pk": 11,
  "fields": {
    "collection": 1,
    "title": "person_02.jpg",
    "file": "original_images/person_02.jpg",
    "width": 640,
    "height": 426,
    "created_at": "2021-08-14T23:13:29.248Z",
    "uploaded_by_user": [
      "{{ cookiecutter.wagtail_user_email }}"
    ],
    "focal_point_x": null,
    "focal_point_y": null,
    "focal_point_width": null,
    "focal_point_height": null,
    "file_size": 45841,
    "file_hash": "b87d8a36f8cdda77725ce420e215b9d9b555722c"
  }
},
{
  "model": "wagtailimages.image",
  "pk": 12,
  "fields": {
    "collection": 1,
    "title": "person_03.jpg",
    "file": "original_images/person_03.jpg",
    "width": 640,
    "height": 426,
    "created_at": "2021-08-14T23:16:21.449Z",
    "uploaded_by_user": [
      "{{ cookiecutter.wagtail_user_email }}"
    ],
    "focal_point_x": null,
    "focal_point_y": null,
    "focal_point_width": null,
    "focal_point_height": null,
    "file_size": 62617,
    "file_hash": "85b3db6991914106c227a8efb336e4f19058b94a"
  }
},
{
  "model": "wagtailimages.image",
  "pk": 13,
  "fields": {
    "collection": 1,
    "title": "person_04.jpg",
    "file": "original_images/person_04.jpg",
    "width": 640,
    "height": 423,
    "created_at": "2021-08-14T23:16:41.840Z",
    "uploaded_by_user": [
      "{{ cookiecutter.wagtail_user_email }}"
    ],
    "focal_point_x": null,
    "focal_point_y": null,
    "focal_point_width": null,
    "focal_point_height": null,
    "file_size": 79280,
    "file_hash": "bdc85862054239ef859664ab32751006258f664a"
  }
},
{
  "model": "wagtailcore.site",
  "pk": 2,
  "fields": {
    "hostname": "127.0.0.1",
    "port": 80,
    "site_name": "{{ cookiecutter.project_slug }}",
    "root_page": 3,
    "is_default_site": true
  }
},
{
  "model": "wagtailcore.collection",
  "pk": 1,
  "fields": {
    "path": "0001",
    "depth": 1,
    "numchild": 0,
    "name": "Root"
  }
},
{
  "model": "wagtailcore.locale",
  "pk": 1,
  "fields": {
    "language_code": "en"
  }
},
{
  "model": "wagtailcore.page",
  "pk": 1,
  "fields": {
    "path": "0001",
    "depth": 1,
    "numchild": 1,
    "translation_key": "d2bd98e6-d6b5-4970-a1e6-50bf38fb3d24",
    "locale": 1,
    "title": "Root",
    "draft_title": "Root",
    "slug": "root",
    "content_type": [
      "wagtailcore",
      "page"
    ],
    "live": true,
    "has_unpublished_changes": false,
    "url_path": "/",
    "owner": null,
    "seo_title": "",
    "show_in_menus": false,
    "search_description": "",
    "go_live_at": null,
    "expire_at": null,
    "expired": false,
    "locked": false,
    "locked_at": null,
    "locked_by": null,
    "first_published_at": null,
    "last_published_at": null,
    "latest_revision_created_at": null,
    "live_revision": null,
    "alias_of": null
  }
},
{
  "model": "wagtailcore.page",
  "pk": 3,
  "fields": {
    "path": "00010001",
    "depth": 2,
    "numchild": 3,
    "translation_key": "c30af4ad-9f73-4ac3-bee9-c111820dd29c",
    "locale": 1,
    "title": "Home",
    "draft_title": "Home",
    "slug": "home",
    "content_type": [
      "home",
      "homepage"
    ],
    "live": true,
    "has_unpublished_changes": false,
    "url_path": "/home/",
    "owner": [
      "{{ cookiecutter.wagtail_user_email }}"
    ],
    "seo_title": "",
    "show_in_menus": false,
    "search_description": "",
    "go_live_at": null,
    "expire_at": null,
    "expired": false,
    "locked": false,
    "locked_at": null,
    "locked_by": null,
    "first_published_at": "2021-08-14T22:19:03.684Z",
    "last_published_at": "2021-08-14T22:19:03.684Z",
    "latest_revision_created_at": "2021-08-14T22:19:03.341Z",
    "live_revision": 1,
    "alias_of": null
  }
},
{
  "model": "wagtailcore.page",
  "pk": 4,
  "fields": {
    "path": "000100010001",
    "depth": 3,
    "numchild": 0,
    "translation_key": "19c787f3-24db-4bac-b4d1-e7a7591488e6",
    "locale": 1,
    "title": "About",
    "draft_title": "About",
    "slug": "about",
    "content_type": [
      "home",
      "aboutpage"
    ],
    "live": true,
    "has_unpublished_changes": false,
    "url_path": "/home/about/",
    "owner": [
      "{{ cookiecutter.wagtail_user_email }}"
    ],
    "seo_title": "",
    "show_in_menus": false,
    "search_description": "",
    "go_live_at": null,
    "expire_at": null,
    "expired": false,
    "locked": false,
    "locked_at": null,
    "locked_by": null,
    "first_published_at": "2021-08-14T22:20:07.287Z",
    "last_published_at": "2021-08-14T22:20:07.287Z",
    "latest_revision_created_at": "2021-08-14T22:20:07.131Z",
    "live_revision": 2,
    "alias_of": null
  }
},
{
  "model": "wagtailcore.page",
  "pk": 5,
  "fields": {
    "path": "000100010002",
    "depth": 3,
    "numchild": 0,
    "translation_key": "7851ad6d-2e90-40cf-9e21-1eb1815e6c8d",
    "locale": 1,
    "title": "Contact",
    "draft_title": "Contact",
    "slug": "contact",
    "content_type": [
      "contact",
      "contactpage"
    ],
    "live": true,
    "has_unpublished_changes": false,
    "url_path": "/home/contact/",
    "owner": [
      "{{ cookiecutter.wagtail_user_email }}"
    ],
    "seo_title": "",
    "show_in_menus": false,
    "search_description": "",
    "go_live_at": null,
    "expire_at": null,
    "expired": false,
    "locked": false,
    "locked_at": null,
    "locked_by": null,
    "first_published_at": "2021-08-14T22:25:04.767Z",
    "last_published_at": "2021-08-14T22:25:04.767Z",
    "latest_revision_created_at": "2021-08-14T22:25:04.436Z",
    "live_revision": 3,
    "alias_of": null
  }
},
{
  "model": "wagtailcore.page",
  "pk": 6,
  "fields": {
    "path": "000100010003",
    "depth": 3,
    "numchild": 7,
    "translation_key": "1d66829d-f16f-4a4c-9c0a-8a1129762f5e",
    "locale": 1,
    "title": "Blog",
    "draft_title": "Blog",
    "slug": "blog",
    "content_type": [
      "blog",
      "articleindexpage"
    ],
    "live": true,
    "has_unpublished_changes": false,
    "url_path": "/home/blog/",
    "owner": [
      "{{ cookiecutter.wagtail_user_email }}"
    ],
    "seo_title": "",
    "show_in_menus": false,
    "search_description": "",
    "go_live_at": null,
    "expire_at": null,
    "expired": false,
    "locked": false,
    "locked_at": null,
    "locked_by": null,
    "first_published_at": "2021-08-14T22:25:54.469Z",
    "last_published_at": "2021-08-14T22:25:54.469Z",
    "latest_revision_created_at": "2021-08-14T22:25:54.315Z",
    "live_revision": 4,
    "alias_of": null
  }
},
{
  "model": "wagtailcore.page",
  "pk": 7,
  "fields": {
    "path": "0001000100030001",
    "depth": 4,
    "numchild": 0,
    "translation_key": "aaca4c75-9928-4c23-baa3-9a5525aa62e2",
    "locale": 1,
    "title": "Parent clear require opportunity onto management involve",
    "draft_title": "Parent clear require opportunity onto management involve",
    "slug": "parent-clear-require-opportunity-onto-management-involve",
    "content_type": [
      "blog",
      "articlepage"
    ],
    "live": true,
    "has_unpublished_changes": false,
    "url_path": "/home/blog/parent-clear-require-opportunity-onto-management-involve/",
    "owner": [
      "{{ cookiecutter.wagtail_user_email }}"
    ],
    "seo_title": "",
    "show_in_menus": false,
    "search_description": "",
    "go_live_at": null,
    "expire_at": null,
    "expired": false,
    "locked": false,
    "locked_at": null,
    "locked_by": null,
    "first_published_at": "2021-08-14T22:34:52.387Z",
    "last_published_at": "2021-08-14T22:34:52.387Z",
    "latest_revision_created_at": "2021-08-14T22:34:52.018Z",
    "live_revision": 5,
    "alias_of": null
  }
},
{
  "model": "wagtailcore.page",
  "pk": 8,
  "fields": {
    "path": "0001000100030002",
    "depth": 4,
    "numchild": 0,
    "translation_key": "5df897d2-61df-40db-a8ad-bc2fd5dd96fb",
    "locale": 1,
    "title": "Bacon ipsum dolor amet fugiat meatloaf filet mignon eiusmod ullamco shoulder",
    "draft_title": "Bacon ipsum dolor amet fugiat meatloaf filet mignon eiusmod ullamco shoulder",
    "slug": "bacon-ipsum-dolor-amet-fugiat-meatloaf-filet-mignon-eiusmod-ullamco-shoulder",
    "content_type": [
      "blog",
      "articlepage"
    ],
    "live": true,
    "has_unpublished_changes": false,
    "url_path": "/home/blog/bacon-ipsum-dolor-amet-fugiat-meatloaf-filet-mignon-eiusmod-ullamco-shoulder/",
    "owner": [
      "{{ cookiecutter.wagtail_user_email }}"
    ],
    "seo_title": "",
    "show_in_menus": false,
    "search_description": "",
    "go_live_at": null,
    "expire_at": null,
    "expired": false,
    "locked": false,
    "locked_at": null,
    "locked_by": null,
    "first_published_at": "2021-08-14T22:41:44.584Z",
    "last_published_at": "2021-08-14T22:41:44.584Z",
    "latest_revision_created_at": "2021-08-14T22:41:44.222Z",
    "live_revision": 6,
    "alias_of": null
  }
},
{
  "model": "wagtailcore.page",
  "pk": 9,
  "fields": {
    "path": "0001000100030003",
    "depth": 4,
    "numchild": 0,
    "translation_key": "78e4bb94-906d-4545-8840-0fc44f0c4225",
    "locale": 1,
    "title": "Lemon drops shortbread jujubes croissant lemon drops muffin",
    "draft_title": "Lemon drops shortbread jujubes croissant lemon drops muffin",
    "slug": "lemon-drops-shortbread-jujubes-croissant-lemon-drops-muffin",
    "content_type": [
      "blog",
      "articlepage"
    ],
    "live": true,
    "has_unpublished_changes": false,
    "url_path": "/home/blog/lemon-drops-shortbread-jujubes-croissant-lemon-drops-muffin/",
    "owner": [
      "{{ cookiecutter.wagtail_user_email }}"
    ],
    "seo_title": "",
    "show_in_menus": false,
    "search_description": "",
    "go_live_at": null,
    "expire_at": null,
    "expired": false,
    "locked": false,
    "locked_at": null,
    "locked_by": null,
    "first_published_at": "2021-08-14T22:43:43.162Z",
    "last_published_at": "2021-08-14T22:43:43.162Z",
    "latest_revision_created_at": "2021-08-14T22:43:42.868Z",
    "live_revision": 7,
    "alias_of": null
  }
},
{
  "model": "wagtailcore.page",
  "pk": 10,
  "fields": {
    "path": "0001000100030004",
    "depth": 4,
    "numchild": 0,
    "translation_key": "e782cf3a-20cf-4591-b71c-47aaf9bfebf8",
    "locale": 1,
    "title": "We want people to focus on our fonts",
    "draft_title": "We want people to focus on our fonts",
    "slug": "we-want-people-to-focus-on-our-fonts",
    "content_type": [
      "blog",
      "articlepage"
    ],
    "live": true,
    "has_unpublished_changes": false,
    "url_path": "/home/blog/we-want-people-to-focus-on-our-fonts/",
    "owner": [
      "{{ cookiecutter.wagtail_user_email }}"
    ],
    "seo_title": "",
    "show_in_menus": false,
    "search_description": "",
    "go_live_at": null,
    "expire_at": null,
    "expired": false,
    "locked": false,
    "locked_at": null,
    "locked_by": null,
    "first_published_at": "2021-08-14T22:48:56.943Z",
    "last_published_at": "2021-08-14T22:48:56.943Z",
    "latest_revision_created_at": "2021-08-14T22:48:56.778Z",
    "live_revision": 8,
    "alias_of": null
  }
},
{
  "model": "wagtailcore.page",
  "pk": 11,
  "fields": {
    "path": "0001000100030005",
    "depth": 4,
    "numchild": 0,
    "translation_key": "104aa8fe-6e55-4cdb-819e-bc3aa03ceebf",
    "locale": 1,
    "title": "How did the classical Latin become so incoherent?",
    "draft_title": "How did the classical Latin become so incoherent?",
    "slug": "how-did-the-classical-latin-become-so-incoherent",
    "content_type": [
      "blog",
      "articlepage"
    ],
    "live": true,
    "has_unpublished_changes": false,
    "url_path": "/home/blog/how-did-the-classical-latin-become-so-incoherent/",
    "owner": [
      "{{ cookiecutter.wagtail_user_email }}"
    ],
    "seo_title": "",
    "show_in_menus": false,
    "search_description": "",
    "go_live_at": null,
    "expire_at": null,
    "expired": false,
    "locked": false,
    "locked_at": null,
    "locked_by": null,
    "first_published_at": "2021-08-14T22:51:06.630Z",
    "last_published_at": "2021-08-14T22:51:06.630Z",
    "latest_revision_created_at": "2021-08-14T22:51:06.464Z",
    "live_revision": 9,
    "alias_of": null
  }
},
{
  "model": "wagtailcore.page",
  "pk": 12,
  "fields": {
    "path": "0001000100030006",
    "depth": 4,
    "numchild": 0,
    "translation_key": "20533247-d114-4c42-96cb-6552b4aa44da",
    "locale": 1,
    "title": "Notice concerning the popularity of Cicero",
    "draft_title": "Notice concerning the popularity of Cicero",
    "slug": "notice-concerning-the-popularity-of-cicero",
    "content_type": [
      "blog",
      "articlepage"
    ],
    "live": true,
    "has_unpublished_changes": false,
    "url_path": "/home/blog/notice-concerning-the-popularity-of-cicero/",
    "owner": [
      "{{ cookiecutter.wagtail_user_email }}"
    ],
    "seo_title": "",
    "show_in_menus": false,
    "search_description": "",
    "go_live_at": null,
    "expire_at": null,
    "expired": false,
    "locked": false,
    "locked_at": null,
    "locked_by": null,
    "first_published_at": "2021-08-14T22:56:40.008Z",
    "last_published_at": "2021-08-14T23:03:26.107Z",
    "latest_revision_created_at": "2021-08-14T23:03:25.831Z",
    "live_revision": 12,
    "alias_of": null
  }
},
{
  "model": "wagtailcore.page",
  "pk": 13,
  "fields": {
    "path": "0001000100030007",
    "depth": 4,
    "numchild": 0,
    "translation_key": "e72bc1ff-b308-4654-96b2-33d4a9cef6d8",
    "locale": 1,
    "title": "Another one right here",
    "draft_title": "Another one right here",
    "slug": "another-one-right-here",
    "content_type": [
      "blog",
      "articlepage"
    ],
    "live": true,
    "has_unpublished_changes": false,
    "url_path": "/home/blog/another-one-right-here/",
    "owner": [
      "{{ cookiecutter.wagtail_user_email }}"
    ],
    "seo_title": "",
    "show_in_menus": false,
    "search_description": "",
    "go_live_at": null,
    "expire_at": null,
    "expired": false,
    "locked": false,
    "locked_at": null,
    "locked_by": null,
    "first_published_at": "2021-08-14T23:01:37.313Z",
    "last_published_at": "2021-08-14T23:01:37.313Z",
    "latest_revision_created_at": "2021-08-14T23:01:37.059Z",
    "live_revision": 11,
    "alias_of": null
  }
},
{
  "model": "wagtailcore.pagerevision",
  "pk": 1,
  "fields": {
    "page": 3,
    "submitted_for_moderation": false,
    "created_at": "2021-08-14T22:19:03.341Z",
    "user": [
      "{{ cookiecutter.wagtail_user_email }}"
    ],
    "content_json": "{\"pk\": 3, \"path\": \"00010001\", \"depth\": 2, \"numchild\": 0, \"translation_key\": \"c30af4ad-9f73-4ac3-bee9-c111820dd29c\", \"locale\": 1, \"title\": \"Home\", \"draft_title\": \"Home\", \"slug\": \"home\", \"content_type\": 9, \"live\": true, \"has_unpublished_changes\": false, \"url_path\": \"/home/\", \"owner\": 1, \"seo_title\": \"\", \"show_in_menus\": false, \"search_description\": \"\", \"go_live_at\": null, \"expire_at\": null, \"expired\": false, \"locked\": false, \"locked_at\": null, \"locked_by\": null, \"first_published_at\": null, \"last_published_at\": null, \"latest_revision_created_at\": null, \"live_revision\": null, \"alias_of\": null, \"comments\": []}",
    "approved_go_live_at": null
  }
},
{
  "model": "wagtailcore.pagerevision",
  "pk": 2,
  "fields": {
    "page": 4,
    "submitted_for_moderation": false,
    "created_at": "2021-08-14T22:20:07.131Z",
    "user": [
      "{{ cookiecutter.wagtail_user_email }}"
    ],
    "content_json": "{\"pk\": 4, \"path\": \"000100010001\", \"depth\": 3, \"numchild\": 0, \"translation_key\": \"19c787f3-24db-4bac-b4d1-e7a7591488e6\", \"locale\": 1, \"title\": \"About\", \"draft_title\": \"About\", \"slug\": \"about\", \"content_type\": 8, \"live\": true, \"has_unpublished_changes\": false, \"url_path\": \"/home/about/\", \"owner\": 1, \"seo_title\": \"\", \"show_in_menus\": false, \"search_description\": \"\", \"go_live_at\": null, \"expire_at\": null, \"expired\": false, \"locked\": false, \"locked_at\": null, \"locked_by\": null, \"first_published_at\": null, \"last_published_at\": null, \"latest_revision_created_at\": null, \"live_revision\": null, \"alias_of\": null, \"comments\": []}",
    "approved_go_live_at": null
  }
},
{
  "model": "wagtailcore.pagerevision",
  "pk": 3,
  "fields": {
    "page": 5,
    "submitted_for_moderation": false,
    "created_at": "2021-08-14T22:25:04.436Z",
    "user": [
      "{{ cookiecutter.wagtail_user_email }}"
    ],
    "content_json": "{\"pk\": 5, \"path\": \"000100010002\", \"depth\": 3, \"numchild\": 0, \"translation_key\": \"7851ad6d-2e90-40cf-9e21-1eb1815e6c8d\", \"locale\": 1, \"title\": \"Contact\", \"draft_title\": \"Contact\", \"slug\": \"contact\", \"content_type\": 13, \"live\": true, \"has_unpublished_changes\": false, \"url_path\": \"/home/contact/\", \"owner\": 1, \"seo_title\": \"\", \"show_in_menus\": false, \"search_description\": \"\", \"go_live_at\": null, \"expire_at\": null, \"expired\": false, \"locked\": false, \"locked_at\": null, \"locked_by\": null, \"first_published_at\": null, \"last_published_at\": null, \"latest_revision_created_at\": null, \"live_revision\": null, \"alias_of\": null, \"address\": \"Unit 3269 Box 7250, DPO AP 80567\", \"comments\": [], \"phone_numbers\": [{\"pk\": 1, \"sort_order\": 0, \"phone_number\": \"+441614960287\", \"page\": 5}, {\"pk\": 2, \"sort_order\": 1, \"phone_number\": \"+16109657780\", \"page\": 5}], \"email_addresses\": [{\"pk\": 1, \"sort_order\": 0, \"email_address\": \"dnewman@williams.com\", \"page\": 5}, {\"pk\": 2, \"sort_order\": 1, \"email_address\": \"chenry@ferguson.net\", \"page\": 5}]}",
    "approved_go_live_at": null
  }
},
{
  "model": "wagtailcore.pagerevision",
  "pk": 4,
  "fields": {
    "page": 6,
    "submitted_for_moderation": false,
    "created_at": "2021-08-14T22:25:54.315Z",
    "user": [
      "{{ cookiecutter.wagtail_user_email }}"
    ],
    "content_json": "{\"pk\": 6, \"path\": \"000100010003\", \"depth\": 3, \"numchild\": 0, \"translation_key\": \"1d66829d-f16f-4a4c-9c0a-8a1129762f5e\", \"locale\": 1, \"title\": \"Blog\", \"draft_title\": \"Blog\", \"slug\": \"blog\", \"content_type\": 10, \"live\": true, \"has_unpublished_changes\": false, \"url_path\": \"/home/blog/\", \"owner\": 1, \"seo_title\": \"\", \"show_in_menus\": false, \"search_description\": \"\", \"go_live_at\": null, \"expire_at\": null, \"expired\": false, \"locked\": false, \"locked_at\": null, \"locked_by\": null, \"first_published_at\": null, \"last_published_at\": null, \"latest_revision_created_at\": null, \"live_revision\": null, \"alias_of\": null, \"introduction\": \"Brother lot chair not chair about media. Understand occur effect answer us. Director rather present trial however everybody main.\", \"comments\": []}",
    "approved_go_live_at": null
  }
},
{
  "model": "wagtailcore.pagerevision",
  "pk": 5,
  "fields": {
    "page": 7,
    "submitted_for_moderation": false,
    "created_at": "2021-08-14T22:34:52.018Z",
    "user": [
      "{{ cookiecutter.wagtail_user_email }}"
    ],
    "content_json": "{\"pk\": 7, \"path\": \"0001000100030001\", \"depth\": 4, \"numchild\": 0, \"translation_key\": \"aaca4c75-9928-4c23-baa3-9a5525aa62e2\", \"locale\": 1, \"title\": \"Parent clear require opportunity onto management involve\", \"draft_title\": \"Parent clear require opportunity onto management involve\", \"slug\": \"parent-clear-require-opportunity-onto-management-involve\", \"content_type\": 11, \"live\": true, \"has_unpublished_changes\": false, \"url_path\": \"/home/blog/parent-clear-require-opportunity-onto-management-involve/\", \"owner\": 1, \"seo_title\": \"\", \"show_in_menus\": false, \"search_description\": \"\", \"go_live_at\": null, \"expire_at\": null, \"expired\": false, \"locked\": false, \"locked_at\": null, \"locked_by\": null, \"first_published_at\": null, \"last_published_at\": null, \"latest_revision_created_at\": null, \"live_revision\": null, \"alias_of\": null, \"summary\": \"Serve member writer computer source. Term final moment call loss three. Subject down when various American leg forget. Whether raise organization apply left police before building. Add serious whose old outside can improve bill.\", \"cover_picture\": 1, \"content\": \"[{\\\"type\\\": \\\"paragraph_block\\\", \\\"value\\\": \\\"<p data-block-key=\\\\\\\"f7s5q\\\\\\\">Sugar plum gummies cookie  cake drag\\\\u00e9e wafer dessert sweet roll cake. Macaroon pie topping tiramisu  lemon drops lemon drops chocolate cake tart. Bonbon ice cream pastry  jelly jelly. Cookie lollipop shortbread fruitcake souffl\\\\u00e9 biscuit pie.  Candy canes tart bonbon chocolate cake apple pie souffl\\\\u00e9 jelly gummies  topping. Wafer sugar plum biscuit marshmallow cheesecake. Chupa chups  ice cream gummies apple pie powder cotton candy chocolate cake. Chupa  chups muffin marzipan halvah cotton candy. </p><ul><li data-block-key=\\\\\\\"dkua7\\\\\\\">Gummi bears dessert danish  jujubes tootsie roll bonbon muffin. </li><li data-block-key=\\\\\\\"3i5nb\\\\\\\">Croissant sesame snaps <b>topping jelly</b>  beans tootsie roll. </li><li data-block-key=\\\\\\\"20c4l\\\\\\\">Caramels biscuit pie tiramisu gummies cookie cake  gingerbread jelly beans. </li><li data-block-key=\\\\\\\"ag2nf\\\\\\\">Toffee liquorice donut cake biscuit pudding  candy croissant oat cake. </li><li data-block-key=\\\\\\\"am4n\\\\\\\">Shortbread cake tiramisu sugar plum gummies  cookie wafer pastry.</li></ul><p data-block-key=\\\\\\\"8vgo3\\\\\\\">Chocolate cake souffl\\\\u00e9 bear  claw chocolate chocolate bar ice cream. Ice cream dessert apple pie  carrot cake chupa chups lollipop. Gummies sugar plum chupa chups lemon  drops chocolate powder wafer. Chocolate cake fruitcake marzipan pastry  sugar plum croissant biscuit. Tiramisu bear claw chocolate cake pudding  lollipop halvah icing brownie. Apple pie biscuit gingerbread sweet  caramels sweet shortbread jelly beans. Brownie danish pastry sweet  halvah tootsie roll pie cake danish. Drag\\\\u00e9e cookie dessert tootsie roll  sesame snaps pastry gummies souffl\\\\u00e9. Bear claw dessert cookie brownie  chocolate. Cupcake croissant candy canes donut icing marzipan gummi  bears. Souffl\\\\u00e9 pastry marzipan souffl\\\\u00e9 jelly-o shortbread toffee  marzipan ice cream. Ice cream gummi bears carrot cake tart icing jelly-o  muffin. Jelly cookie pastry marshmallow pie caramels souffl\\\\u00e9 souffl\\\\u00e9  apple pie.</p><p data-block-key=\\\\\\\"f8et\\\\\\\">Chocolate bar biscuit topping gummi  bears caramels lemon drops cake topping chupa chups. Cake biscuit cookie  sweet roll jelly beans. Cotton candy cheesecake tootsie roll souffl\\\\u00e9  halvah icing. Cake drag\\\\u00e9e <i>oat cake shortbread</i> sweet roll. Tootsie roll  powder croissant sweet chocolate bar gingerbread jujubes</p><p data-block-key=\\\\\\\"e1vk8\\\\\\\">Icing jelly  candy canes dessert oat cake shortbread apple pie. Pudding cake danish  fruitcake bonbon drag\\\\u00e9e shortbread marshmallow cookie. Chocolate bar  sesame snaps liquorice bear claw sesame snaps. Pastry ice cream muffin  icing candy canes icing ice cream. Liquorice gummi bears caramels  macaroon ice cream jujubes candy. Drag\\\\u00e9e cookie caramels oat cake chupa  chups candy. Chupa chups gummies powder tootsie roll <i>tootsie roll apple </i> pie.</p><p data-block-key=\\\\\\\"dv81h\\\\\\\"></p><embed embedtype=\\\\\\\"media\\\\\\\" url=\\\\\\\"https://www.youtube.com/watch?v=otDOHt_Jges\\\\\\\"/><p data-block-key=\\\\\\\"f2efs\\\\\\\"></p><p data-block-key=\\\\\\\"3hugs\\\\\\\">Chupa chups lollipop candy canes pie sweet  roll cookie lollipop lollipop. Biscuit gummi bears jujubes jujubes  tootsie roll. Cotton candy pudding marzipan pudding cookie sesame snaps.  Sesame snaps cake donut croissant pie souffl\\\\u00e9. Gingerbread jujubes  sweet tootsie roll gummi bears jujubes icing. </p><ol><li data-block-key=\\\\\\\"e3213\\\\\\\">Cake pudding tootsie roll  bonbon bonbon. </li><li data-block-key=\\\\\\\"4o50v\\\\\\\">Danish shortbread gingerbread lemon drops jelly-o. </li><li data-block-key=\\\\\\\"4f0k4\\\\\\\">Bonbon  cheesecake sesame snaps candy cotton candy. </li><li data-block-key=\\\\\\\"e49dr\\\\\\\">Cupcake bear claw toffee  cotton candy souffl\\\\u00e9. </li></ol><p data-block-key=\\\\\\\"8gls8\\\\\\\">Liquorice halvah danish wafer pie icing tootsie  roll chocolate cake chocolate. Sweet roll sweet roll dessert brownie  halvah souffl\\\\u00e9 gummi bears chocolate cake. Cupcake wafer cake sweet roll  carrot cake jelly macaroon marzipan icing. Jelly halvah candy halvah  topping.</p><p data-block-key=\\\\\\\"eu2f2\\\\\\\">Pudding fruitcake topping cake cake.  Toffee cake sweet roll cake bonbon fruitcake. Sweet sweet roll wafer  jelly-o tiramisu liquorice chocolate marshmallow. Jelly beans bonbon  icing ice cream danish dessert. Pie ice cream sugar plum chupa chups  chocolate jelly chocolate bar pastry lollipop. Carrot cake cookie  croissant oat cake candy canes cheesecake fruitcake marzipan. Pie halvah  dessert tart cake marzipan lollipop pie candy canes. Cotton candy  pudding chupa chups dessert chocolate bar. Chocolate bar candy canes  bonbon lollipop icing powder chocolate. Sesame snaps sugar plum jujubes  chocolate bar chocolate bar dessert cake. Marzipan cake sweet marzipan  muffin. Chocolate toffee liquorice wafer liquorice.</p>\\\", \\\"id\\\": \\\"1733394d-68b7-4404-a400-9d70b02ff993\\\"}]\", \"date_published\": \"2014-08-05\", \"author\": \"Jack Guerra\", \"article_type\": \"Post\", \"external_url\": null, \"comments\": [], \"tagged_items\": []}",
    "approved_go_live_at": null
  }
},
{
  "model": "wagtailcore.pagerevision",
  "pk": 6,
  "fields": {
    "page": 8,
    "submitted_for_moderation": false,
    "created_at": "2021-08-14T22:41:44.222Z",
    "user": [
      "{{ cookiecutter.wagtail_user_email }}"
    ],
    "content_json": "{\"pk\": 8, \"path\": \"0001000100030002\", \"depth\": 4, \"numchild\": 0, \"translation_key\": \"5df897d2-61df-40db-a8ad-bc2fd5dd96fb\", \"locale\": 1, \"title\": \"Bacon ipsum dolor amet fugiat meatloaf filet mignon eiusmod ullamco shoulder\", \"draft_title\": \"Bacon ipsum dolor amet fugiat meatloaf filet mignon eiusmod ullamco shoulder\", \"slug\": \"bacon-ipsum-dolor-amet-fugiat-meatloaf-filet-mignon-eiusmod-ullamco-shoulder\", \"content_type\": 11, \"live\": true, \"has_unpublished_changes\": false, \"url_path\": \"/home/blog/bacon-ipsum-dolor-amet-fugiat-meatloaf-filet-mignon-eiusmod-ullamco-shoulder/\", \"owner\": 1, \"seo_title\": \"\", \"show_in_menus\": false, \"search_description\": \"\", \"go_live_at\": null, \"expire_at\": null, \"expired\": false, \"locked\": false, \"locked_at\": null, \"locked_by\": null, \"first_published_at\": null, \"last_published_at\": null, \"latest_revision_created_at\": null, \"live_revision\": null, \"alias_of\": null, \"summary\": \"Shoulder chicken dolor qui ullamco strip steak ground round fugiat chislic tempor eu rump ut bresaola. Pastrami bresaola short loin cillum tongue nostrud. Salami pork chop minim magna ground round chicken venison in flank duis prosciutto pariatur.\", \"cover_picture\": 2, \"content\": \"[{\\\"type\\\": \\\"heading_block\\\", \\\"value\\\": {\\\"heading_text\\\": \\\"Let's consider the state of play\\\", \\\"size\\\": \\\"h3\\\"}, \\\"id\\\": \\\"41ab396e-382c-43f6-9591-5927690e745d\\\"}, {\\\"type\\\": \\\"paragraph_block\\\", \\\"value\\\": \\\"<p data-block-key=\\\\\\\"6qq4t\\\\\\\">Among design professionals, there&#x27;s a bit of controversy surrounding the filler text. Controversy, as in <a href=\\\\\\\"https://www.lukew.com/ff/entry.asp?927\\\\\\\">Death to Lorem Ipsum</a>. </p><p data-block-key=\\\\\\\"3i4le\\\\\\\">The strength of <i>lorem ipsum</i>  is its weakness: it doesn&#x27;t communicate. To some, designing a website  around placeholder text is unacceptable, akin to sewing a custom suit  without taking measurements.</p><p data-block-key=\\\\\\\"e089m\\\\\\\"><i>Lorem ipsum</i> is so ubiquitous because it is so versatile. Select  how many paragraphs you want, copy, paste, and break the lines wherever  it is convenient. Real copy doesn&#x27;t work that way.</p>\\\", \\\"id\\\": \\\"647fd557-7de5-42d0-ba22-e8009f96bee4\\\"}, {\\\"type\\\": \\\"heading_block\\\", \\\"value\\\": {\\\"heading_text\\\": \\\"But what about the masses?\\\", \\\"size\\\": \\\"h3\\\"}, \\\"id\\\": \\\"a8fb64ea-659c-4213-b22c-769aaa1b2eb8\\\"}, {\\\"type\\\": \\\"paragraph_block\\\", \\\"value\\\": \\\"<p data-block-key=\\\\\\\"6qq4t\\\\\\\">Pig sausage dolore, pancetta hamburger tenderloin enim strip steak.   Ribeye eu et ex anim consequat.  Mollit id non sunt, porchetta eiusmod  meatloaf chislic fatback ground round kielbasa enim.  <i>Exercitation qui</i>  landjaeger tail, alcatra commodo esse ground round.  In pork loin in  anim dolore pork belly corned beef nostrud drumstick elit ball tip  fugiat exercitation magna jowl.  Reprehenderit tenderloin prosciutto  velit, aliqua ribeye veniam turkey shoulder kielbasa id corned beef  <b>mollit laborum non</b>.</p><p data-block-key=\\\\\\\"8hnup\\\\\\\">Exercitation chuck reprehenderit pork nulla  fatback porchetta.  Dolore in porchetta et ground round aute.  Chicken  meatloaf duis ut buffalo tri-tip pariatur in do nisi eiusmod labore beef  ribs.  <i>Ut brisket incididunt in</i>.  Pig short loin officia pork chop ad  ut.  Excepteur ribeye chuck, shankle rump burgdoggen consectetur strip  steak eiusmod laboris chislic pancetta ad drumstick cupidatat.</p>\\\", \\\"id\\\": \\\"dc4b7ba9-3427-4d07-aa00-663ec39d7fe1\\\"}, {\\\"type\\\": \\\"heading_block\\\", \\\"value\\\": {\\\"heading_text\\\": \\\"And now for something completely different\\\", \\\"size\\\": \\\"h3\\\"}, \\\"id\\\": \\\"c9ac58bc-69ab-4dec-8157-4dc19c7f4432\\\"}, {\\\"type\\\": \\\"paragraph_block\\\", \\\"value\\\": \\\"<p data-block-key=\\\\\\\"6qq4t\\\\\\\">Cupcake ipsum dolor sit amet jelly tiramisu caramels. Carrot cake  <i>caramels cupcake</i> tart drag\\\\u00e9e. Jujubes halvah cheesecake sweet jujubes  chocolate bar jujubes candy bear claw. Candy canes dessert biscuit  drag\\\\u00e9e liquorice candy donut pastry. Halvah <b>marshmallow brownie</b> sweet  roll fruitcake liquorice tiramisu</p>\\\", \\\"id\\\": \\\"b245897e-0965-4165-b296-a5d52e7cc323\\\"}, {\\\"type\\\": \\\"embed_block\\\", \\\"value\\\": \\\"https://www.youtube.com/watch?v=JKxlsvZXG7c\\\", \\\"id\\\": \\\"006d5f58-00cc-45f4-97de-62755ce9cf80\\\"}, {\\\"type\\\": \\\"paragraph_block\\\", \\\"value\\\": \\\"<p data-block-key=\\\\\\\"6qq4t\\\\\\\">Jelly beans chupa chups cake fruitcake sesame snaps lollipop chocolate.  Candy sugar plum brownie gummies jelly beans sugar plum wafer halvah  sweet roll. Jelly-o gingerbread chocolate bar pudding cupcake lemon  drops. Drag\\\\u00e9e toffee cotton candy muffin danish jelly-o. Macaroon  marzipan lemon drops bear claw jelly bear claw. Toffee sweet roll  chocolate bar pudding marzipan gummi bears tiramisu sesame snaps. Sweet  jelly beans oat cake halvah marzipan tootsie roll sweet tiramisu.  Macaroon cotton candy pie muffin souffl\\\\u00e9 dessert. Halvah bonbon caramels  souffl\\\\u00e9 lemon drops chocolate.</p>\\\", \\\"id\\\": \\\"e242568f-1522-4586-a86b-681ebab34e10\\\"}, {\\\"type\\\": \\\"heading_block\\\", \\\"value\\\": {\\\"heading_text\\\": \\\"Closing thoughts\\\", \\\"size\\\": \\\"h3\\\"}, \\\"id\\\": \\\"3893dd95-360f-4186-90af-a804ccd1a819\\\"}, {\\\"type\\\": \\\"paragraph_block\\\", \\\"value\\\": \\\"<ul><li data-block-key=\\\\\\\"6qq4t\\\\\\\">Beef irure laboris sirloin elit est sunt doner turkey. </li><li data-block-key=\\\\\\\"ecmne\\\\\\\">Pork chop  brisket reprehenderit in boudin prosciutto nulla bacon laboris voluptate  adipisicing jerky dolor. </li><li data-block-key=\\\\\\\"acn45\\\\\\\">Culpa drumstick chuck ham dolore minim  adipisicing proident tenderloin doner cupidatat. </li><li data-block-key=\\\\\\\"cm8h4\\\\\\\">Reprehenderit tempor  drumstick aliqua, hamburger biltong jerky ball tip pork excepteur anim.  </li><li data-block-key=\\\\\\\"4nklc\\\\\\\">Swine pastrami turducken consequat pork loin chicken elit.</li></ul>\\\", \\\"id\\\": \\\"39b165a5-62b6-4758-bb43-86289c62bf80\\\"}]\", \"date_published\": \"2019-11-17\", \"author\": \"Meghan Scott\", \"article_type\": \"Post\", \"external_url\": null, \"comments\": [], \"tagged_items\": []}",
    "approved_go_live_at": null
  }
},
{
  "model": "wagtailcore.pagerevision",
  "pk": 7,
  "fields": {
    "page": 9,
    "submitted_for_moderation": false,
    "created_at": "2021-08-14T22:43:42.868Z",
    "user": [
      "{{ cookiecutter.wagtail_user_email }}"
    ],
    "content_json": "{\"pk\": 9, \"path\": \"0001000100030003\", \"depth\": 4, \"numchild\": 0, \"translation_key\": \"78e4bb94-906d-4545-8840-0fc44f0c4225\", \"locale\": 1, \"title\": \"Lemon drops shortbread jujubes croissant lemon drops muffin\", \"draft_title\": \"Lemon drops shortbread jujubes croissant lemon drops muffin\", \"slug\": \"lemon-drops-shortbread-jujubes-croissant-lemon-drops-muffin\", \"content_type\": 11, \"live\": true, \"has_unpublished_changes\": false, \"url_path\": \"/home/blog/lemon-drops-shortbread-jujubes-croissant-lemon-drops-muffin/\", \"owner\": 1, \"seo_title\": \"\", \"show_in_menus\": false, \"search_description\": \"\", \"go_live_at\": null, \"expire_at\": null, \"expired\": false, \"locked\": false, \"locked_at\": null, \"locked_by\": null, \"first_published_at\": null, \"last_published_at\": null, \"latest_revision_created_at\": null, \"live_revision\": null, \"alias_of\": null, \"summary\": \"When you are designing with Lorem Ipsum, you diminish the importance of the copy by lowering it to the same level as any other visual element. The text simply becomes another supporting role, serving to make other aspects more aesthetic. Instead of your design enhancing the meaning of the content, your content is enhancing your design.\", \"cover_picture\": 3, \"content\": \"[]\", \"date_published\": \"2020-01-01\", \"author\": \"Tracy Jones\", \"article_type\": \"URL\", \"external_url\": \"https://simpleisbetterthancomplex.com/tutorial/2016/07/26/how-to-reset-migrations.html\", \"comments\": [], \"tagged_items\": []}",
    "approved_go_live_at": null
  }
},
{
  "model": "wagtailcore.pagerevision",
  "pk": 8,
  "fields": {
    "page": 10,
    "submitted_for_moderation": false,
    "created_at": "2021-08-14T22:48:56.778Z",
    "user": [
      "{{ cookiecutter.wagtail_user_email }}"
    ],
    "content_json": "{\"pk\": 10, \"path\": \"0001000100030004\", \"depth\": 4, \"numchild\": 0, \"translation_key\": \"e782cf3a-20cf-4591-b71c-47aaf9bfebf8\", \"locale\": 1, \"title\": \"We want people to focus on our fonts\", \"draft_title\": \"We want people to focus on our fonts\", \"slug\": \"we-want-people-to-focus-on-our-fonts\", \"content_type\": 11, \"live\": true, \"has_unpublished_changes\": false, \"url_path\": \"/home/blog/we-want-people-to-focus-on-our-fonts/\", \"owner\": 1, \"seo_title\": \"\", \"show_in_menus\": false, \"search_description\": \"\", \"go_live_at\": null, \"expire_at\": null, \"expired\": false, \"locked\": false, \"locked_at\": null, \"locked_by\": null, \"first_published_at\": null, \"last_published_at\": null, \"latest_revision_created_at\": null, \"live_revision\": null, \"alias_of\": null, \"summary\": \"Lorem Ipsum doesn\\u2019t exist because people think the content is meaningless window dressing, only there to be decorated by designers who can\\u2019t be bothered to read. Lorem Ipsum exists because words are powerful. If you fill up your page with draft copy about your client\\u2019s business, they will read it. They will comment on it. They will be inexorably drawn to it. Presented the wrong way, draft copy can send your design review off the rails.\", \"cover_picture\": 4, \"content\": \"[{\\\"type\\\": \\\"paragraph_block\\\", \\\"value\\\": \\\"<p data-block-key=\\\\\\\"v0cy9\\\\\\\">Dolore beef culpa, jowl prosciutto veniam tail laborum mollit.   Ullamco pig burgdoggen adipisicing corned beef jowl.  Nostrud lorem est,  dolor ball tip anim tenderloin qui jowl deserunt landjaeger pork belly  pig rump.  Shoulder ham hock lorem chuck, reprehenderit enim kevin  meatball deserunt spare ribs capicola.  Tri-tip fugiat pastrami, salami  do shank eiusmod beef cupidatat pork chop cow strip steak chicken  nostrud pork belly.  Chuck sint duis deserunt.</p><p data-block-key=\\\\\\\"3skr8\\\\\\\">Fatback deserunt  beef pork belly shankle boudin meatball reprehenderit non ball tip  consectetur turkey.  Reprehenderit shoulder capicola flank pastrami  leberkas buffalo velit nulla bresaola.  Rump chicken et ut culpa ea beef  ribs swine capicola sirloin.  Dolore ribeye meatball, laborum corned  beef ham elit dolore alcatra turkey hamburger sirloin.  Consequat pork  chop in ad turducken qui irure officia cow meatloaf labore dolore culpa.   Eu duis do velit pork belly incididunt proident chislic reprehenderit  quis ut picanha aute.</p>\\\", \\\"id\\\": \\\"6feec679-dda1-470d-91b8-50f7e5608cb7\\\"}, {\\\"type\\\": \\\"block_quote\\\", \\\"value\\\": {\\\"text\\\": \\\"Pie wafer chupa chups jelly beans lollipop gingerbread tootsie roll chocolate bar. Pastry tart fruitcake jelly beans souffl\\\\u00e9 jujubes carrot cake brownie\\\", \\\"attribute_name\\\": \\\"Dr. Louise Clarke\\\"}, \\\"id\\\": \\\"66c0f755-c93f-4ffb-a236-a0e260ae8d71\\\"}, {\\\"type\\\": \\\"paragraph_block\\\", \\\"value\\\": \\\"<p data-block-key=\\\\\\\"v0cy9\\\\\\\">Until recently, the prevailing view assumed <i>lorem ipsum</i> was born as a nonsense text. \\\\u201cIt&#x27;s not Latin, though it looks like it, and it actually says nothing,\\\\u201d <i>Before &amp; After</i> magazine <a href=\\\\\\\"https://www.straightdope.com/columns/read/2290/what-does-the-filler-text-lorem-ipsum-mean/\\\\\\\">answered a curious reader</a>,  \\\\u201cIts \\\\u2018words\\\\u2019 loosely approximate the frequency with which letters occur  in English, which is why at a glance it looks pretty real.\\\\u201d</p><p data-block-key=\\\\\\\"f9bdc\\\\\\\">As Cicero would put it, \\\\u201cUm, not so fast.\\\\u201d </p><p data-block-key=\\\\\\\"at864\\\\\\\">The placeholder text, beginning with the line <i>\\\\u201cLorem ipsum dolor sit amet, consectetur adipiscing elit\\\\u201d</i>, looks like Latin because in its youth, centuries ago, it was Latin. </p><p data-block-key=\\\\\\\"aisbl\\\\\\\">Richard McClintock, a Latin scholar from Hampden-Sydney College, is <a href=\\\\\\\"https://en.wikipedia.org/wiki/Lorem_ipsum\\\\\\\">credited</a> with discovering the source behind the ubiquitous filler text. In seeing a sample of <i>lorem ipsum</i>, his interest was piqued by <i>consectetur</i>\\\\u2014a genuine, albeit rare, Latin word. Consulting a Latin dictionary led McClintock to a passage from <i>De Finibus Bonorum et Malorum</i> (\\\\u201cOn the Extremes of Good and Evil\\\\u201d), a first-century B.C. text from the Roman philosopher Cicero. </p>\\\", \\\"id\\\": \\\"f79fe4fd-e183-4786-a9f6-884816dd6843\\\"}, {\\\"type\\\": \\\"embed_block\\\", \\\"value\\\": \\\"https://twitter.com/EddyVinckk/status/1426505046657798146\\\", \\\"id\\\": \\\"5ae99033-293f-48a9-ae2f-0faf674dd721\\\"}, {\\\"type\\\": \\\"paragraph_block\\\", \\\"value\\\": \\\"<p data-block-key=\\\\\\\"v0cy9\\\\\\\">In particular, the garbled words of <i>lorem ipsum</i> bear an unmistakable resemblance to sections 1.10.32\\\\u201333 of Cicero&#x27;s work!</p>\\\", \\\"id\\\": \\\"c07d9c0d-9bf9-4a1e-b66c-73116c0bd61e\\\"}]\", \"date_published\": \"2020-05-06\", \"author\": \"Jessica Finley\", \"article_type\": \"Shout\", \"external_url\": null, \"comments\": [], \"tagged_items\": []}",
    "approved_go_live_at": null
  }
},
{
  "model": "wagtailcore.pagerevision",
  "pk": 9,
  "fields": {
    "page": 11,
    "submitted_for_moderation": false,
    "created_at": "2021-08-14T22:51:06.464Z",
    "user": [
      "{{ cookiecutter.wagtail_user_email }}"
    ],
    "content_json": "{\"pk\": 11, \"path\": \"0001000100030005\", \"depth\": 4, \"numchild\": 0, \"translation_key\": \"104aa8fe-6e55-4cdb-819e-bc3aa03ceebf\", \"locale\": 1, \"title\": \"How did the classical Latin become so incoherent?\", \"draft_title\": \"How did the classical Latin become so incoherent?\", \"slug\": \"how-did-the-classical-latin-become-so-incoherent\", \"content_type\": 11, \"live\": true, \"has_unpublished_changes\": false, \"url_path\": \"/home/blog/how-did-the-classical-latin-become-so-incoherent/\", \"owner\": 1, \"seo_title\": \"\", \"show_in_menus\": false, \"search_description\": \"\", \"go_live_at\": null, \"expire_at\": null, \"expired\": false, \"locked\": false, \"locked_at\": null, \"locked_by\": null, \"first_published_at\": null, \"last_published_at\": null, \"latest_revision_created_at\": null, \"live_revision\": null, \"alias_of\": null, \"summary\": \"Creation timelines for the standard lorem ipsum passage vary, with some citing the 15th century and others the 20th. According to McClintock, a 15th century typesetter likely scrambled part of Cicero's De Finibus in order to provide placeholder text to mockup various fonts for a type specimen book\", \"cover_picture\": 5, \"content\": \"[]\", \"date_published\": \"2020-10-14\", \"author\": \"Heather Cook\", \"article_type\": \"URL\", \"external_url\": \"https://www.toptal.com/python/python-design-patterns\", \"comments\": [], \"tagged_items\": []}",
    "approved_go_live_at": null
  }
},
{
  "model": "wagtailcore.pagerevision",
  "pk": 10,
  "fields": {
    "page": 12,
    "submitted_for_moderation": false,
    "created_at": "2021-08-14T22:56:39.570Z",
    "user": [
      "{{ cookiecutter.wagtail_user_email }}"
    ],
    "content_json": "{\"pk\": 12, \"path\": \"0001000100030006\", \"depth\": 4, \"numchild\": 0, \"translation_key\": \"20533247-d114-4c42-96cb-6552b4aa44da\", \"locale\": 1, \"title\": \"Notice concerning the popularity of Cicero\", \"draft_title\": \"Notice concerning the popularity of Cicero\", \"slug\": \"notice-concerning-the-popularity-of-cicero\", \"content_type\": 11, \"live\": true, \"has_unpublished_changes\": false, \"url_path\": \"/home/blog/notice-concerning-the-popularity-of-cicero/\", \"owner\": 1, \"seo_title\": \"\", \"show_in_menus\": false, \"search_description\": \"\", \"go_live_at\": null, \"expire_at\": null, \"expired\": false, \"locked\": false, \"locked_at\": null, \"locked_by\": null, \"first_published_at\": null, \"last_published_at\": null, \"latest_revision_created_at\": null, \"live_revision\": null, \"alias_of\": null, \"summary\": \"It's difficult to find examples of lorem ipsum in use before Letraset made it popular as a dummy text in the 1960s, although McClintock says he remembers coming across the lorem ipsum passage in a book of old metal type samples.\", \"cover_picture\": 6, \"content\": \"[{\\\"type\\\": \\\"paragraph_block\\\", \\\"value\\\": \\\"<p data-block-key=\\\\\\\"iil6z\\\\\\\">And anyways, as <a href=\\\\\\\"https://www.straightdope.com/columns/read/2290/what-does-the-filler-text-lorem-ipsum-mean/\\\\\\\">Cecil Adams reasoned</a>,  \\\\u201c[Do you really] think graphic arts supply houses were hiring classics  scholars in the 1960s?\\\\u201d Perhaps. But it seems reasonable to imagine that  there was a version in use far before the age of Letraset.</p><p data-block-key=\\\\\\\"2n7uk\\\\\\\">As an <a href=\\\\\\\"https://www.deepadvantage.com/blog/lorem-ipsum/\\\\\\\">alternative theory</a>, (and because Latin scholars do this sort of thing) someone tracked down a 1914 Latin edition of <i>De Finibus</i> which challenges McClintock&#x27;s 15th century claims and suggests that the dawn of <i>lorem ipsum</i>  was as recent as the 20th century. The 1914 Loeb Classical Library  Edition ran out of room on page 34 for the Latin phrase \\\\u201cdolorem ipsum\\\\u201d  (sorrow in itself). Thus, the truncated phrase leaves one page dangling  with \\\\u201cdo-\\\\u201d, while another begins with the now ubiquitous \\\\u201clorem ipsum\\\\u201d. </p><p data-block-key=\\\\\\\"9ehka\\\\\\\">Whether a medieval typesetter  chose to garble a well-known (but non-Biblical\\\\u2014that would have been  sacrilegious) text, or whether a quirk in the 1914 Loeb Edition inspired  a graphic designer, it&#x27;s admittedly an odd way for Cicero to sail into  the 21st century. </p>\\\", \\\"id\\\": \\\"60d49676-93d7-42c6-a15b-ae40f152053b\\\"}, {\\\"type\\\": \\\"table\\\", \\\"value\\\": {\\\"data\\\": [[\\\"Person\\\", \\\"Machine\\\", \\\"Context\\\"], [\\\"One Word\\\", \\\"What is the meaning of this?\\\", \\\"Hello there\\\"], [\\\"Another dummy word\\\", \\\"Well, what do you know?\\\", \\\"More giberrish\\\"], [\\\"Welcome to the band\\\", \\\"Are you here in town?\\\", \\\"What more do you want?\\\"], [\\\"Come on folks\\\", \\\"That's all folks\\\", \\\"Speedy Gonzales\\\"]], \\\"cell\\\": [], \\\"first_row_is_table_header\\\": true, \\\"first_col_is_header\\\": false, \\\"table_caption\\\": \\\"A medieval typesetter chose to garble a well-known thing\\\"}, \\\"id\\\": \\\"509c60fc-12ed-4b0b-bf52-0a85696406a1\\\"}, {\\\"type\\\": \\\"paragraph_block\\\", \\\"value\\\": \\\"<p data-block-key=\\\\\\\"iil6z\\\\\\\">At how bother typing \\\\u201clorem ipsum\\\\u201d into Google translate. If you already tried, you may have gotten <a href=\\\\\\\"https://krebsonsecurity.com/2014/08/lorem-ipsum-of-good-evil-google-china/\\\\\\\">anything from &quot;NATO&quot; to &quot;China&quot;</a>,  depending on how you capitalized the letters. The bizarre translation  was fodder for conspiracy theories, but Google has since updated its  \\\\u201clorem ipsum\\\\u201d translation to, boringly enough, \\\\u201clorem ipsum\\\\u201d. </p><p data-block-key=\\\\\\\"4ep4i\\\\\\\">One brave soul did take a stab at translating the almost-not-quite-Latin. According to <a href=\\\\\\\"https://www.theguardian.com/books/booksblog/2014/mar/21/lorem-ipsum-translated-latin-placeholder-text\\\\\\\">The Guardian</a>,  Jaspreet Singh Boparai undertook the challenge with the goal of making  the text \\\\u201cprecisely as incoherent in English as it is in Latin - and to  make it incoherent in the same way\\\\u201d. As a result, \\\\u201cthe Greek &#x27;eu&#x27; in  Latin became the French &#x27;bien&#x27; [...] and the &#x27;-ing&#x27; ending in &#x27;lorem  ipsum&#x27; seemed best rendered by an &#x27;-iendum&#x27; in English.\\\\u201d </p>\\\", \\\"id\\\": \\\"06702caa-c2ae-447a-a26e-462a6f423108\\\"}]\", \"date_published\": \"2021-03-03\", \"author\": \"Garry Warren\", \"article_type\": \"Info\", \"external_url\": null, \"comments\": [], \"tagged_items\": []}",
    "approved_go_live_at": null
  }
},
{
  "model": "wagtailcore.pagerevision",
  "pk": 11,
  "fields": {
    "page": 13,
    "submitted_for_moderation": false,
    "created_at": "2021-08-14T23:01:37.059Z",
    "user": [
      "{{ cookiecutter.wagtail_user_email }}"
    ],
    "content_json": "{\"pk\": 13, \"path\": \"0001000100030007\", \"depth\": 4, \"numchild\": 0, \"translation_key\": \"e72bc1ff-b308-4654-96b2-33d4a9cef6d8\", \"locale\": 1, \"title\": \"Another one right here\", \"draft_title\": \"Another one right here\", \"slug\": \"another-one-right-here\", \"content_type\": 11, \"live\": true, \"has_unpublished_changes\": false, \"url_path\": \"/home/blog/another-one-right-here/\", \"owner\": 1, \"seo_title\": \"\", \"show_in_menus\": false, \"search_description\": \"\", \"go_live_at\": null, \"expire_at\": null, \"expired\": false, \"locked\": false, \"locked_at\": null, \"locked_by\": null, \"first_published_at\": null, \"last_published_at\": null, \"latest_revision_created_at\": null, \"live_revision\": null, \"alias_of\": null, \"summary\": \"He ejjnoyes, in order that somewon, also with a severe one, unless of life. May a cusstums offficer somewon nothing of a poison-filled. Until, from a twho, twho chaffinch may also pursue it, not even a lump.\", \"cover_picture\": 7, \"content\": \"[{\\\"type\\\": \\\"paragraph_block\\\", \\\"value\\\": \\\"<p data-block-key=\\\\\\\"ovsov\\\\\\\">Lemon drops shortbread jujubes croissant lemon drops muffin. Cake sesame  snaps sweet roll wafer marshmallow caramels. Donut liquorice pastry  gummies chocolate bar lemon drops. Marzipan chocolate sesame snaps oat  cake bonbon sugar plum tootsie roll. <b>Jelly-o wafer cotton candy drag\\\\u00e9e</b>  brownie tiramisu carrot cake. Marshmallow souffl\\\\u00e9 pastry drag\\\\u00e9e  chocolate. Carrot cake marzipan chocolate cake liquorice chocolate  jelly. </p><ul><li data-block-key=\\\\\\\"ftp01\\\\\\\">Gingerbread tootsie roll liquorice sweet jelly bear claw tiramisu  icing. </li><li data-block-key=\\\\\\\"45fua\\\\\\\">Chocolate bar wafer cotton candy chupa chups cotton candy jelly  sweet marshmallow donut. </li><li data-block-key=\\\\\\\"cepek\\\\\\\">Gingerbread carrot cake chocolate cake drag\\\\u00e9e  chocolate cake donut. </li></ul><p data-block-key=\\\\\\\"fbnr7\\\\\\\">Pie wafer chupa chups jelly beans lollipop  gingerbread tootsie roll chocolate bar. Pastry tart fruitcake jelly  beans souffl\\\\u00e9 jujubes carrot cake brownie. Toffee brownie caramels  marzipan sweet roll. Oat cake carrot cake sweet roll fruitcake bonbon  marshmallow.</p>\\\", \\\"id\\\": \\\"bb7b1b7a-a08b-4b0c-bae8-4c600e7d772d\\\"}, {\\\"type\\\": \\\"embed_block\\\", \\\"value\\\": \\\"https://twitter.com/elonmusk/status/1426558939336937481\\\", \\\"id\\\": \\\"e50b7921-43c3-4571-8bec-b74fb0713956\\\"}, {\\\"type\\\": \\\"paragraph_block\\\", \\\"value\\\": \\\"<p data-block-key=\\\\\\\"ovsov\\\\\\\">Nick Richardson <a href=\\\\\\\"https://www.lrb.co.uk/blog/2014/03/14/nick-richardson/translating-lorem-ipsum/\\\\\\\">described</a> the translation \\\\u201clike extreme <a href=\\\\\\\"https://www.lrb.co.uk/v24/n22/stephane-mallarme/notes-for-anatoles-tomb\\\\\\\">Mallarm\\\\u00e9</a>, or a <a href=\\\\\\\"https://www.lrb.co.uk/v15/n18/jeremy-harding/junk-mail\\\\\\\">Burroughsian</a> cut-up, or a paragraph of <a href=\\\\\\\"https://www.lrb.co.uk/v32/n24/michael-wood/quashed-quotatoes\\\\\\\">Finnegans Wake</a>.  Bits of it have surprising power: the desperate insistence on loving  and pursuing sorrow, for instance, that is cheated out of its  justification \\\\u2013 an incomplete object that has been either fished for, or  wished for.\\\\u201d</p>\\\", \\\"id\\\": \\\"cb7884ff-c7f8-4fb8-abdf-8f791c1ada3a\\\"}, {\\\"type\\\": \\\"image_block\\\", \\\"value\\\": {\\\"image\\\": 8, \\\"caption\\\": \\\"An image from the Deep North\\\", \\\"attribution\\\": \\\"photograph by Molly Fields\\\"}, \\\"id\\\": \\\"956a51ca-1ec1-44df-93b6-42154337d0e0\\\"}, {\\\"type\\\": \\\"paragraph_block\\\", \\\"value\\\": \\\"<p data-block-key=\\\\\\\"ovsov\\\\\\\">Richard McClintock, a Latin scholar from Hampden-Sydney College, is <a href=\\\\\\\"https://en.wikipedia.org/wiki/Lorem_ipsum\\\\\\\">credited</a> with discovering the source behind the ubiquitous filler text. In seeing a sample of <i>lorem ipsum</i>, his interest was piqued by <i>consectetur</i>\\\\u2014a genuine, albeit rare, Latin word. Consulting a Latin dictionary led McClintock to a passage from <i>De Finibus Bonorum et Malorum</i> (\\\\u201cOn the Extremes of Good and Evil\\\\u201d), a first-century B.C. text from the Roman philosopher Cicero.</p>\\\", \\\"id\\\": \\\"9e3b572d-5f71-49a6-a93d-3fd95ba73f2e\\\"}]\", \"date_published\": \"2021-07-10\", \"author\": \"Michael Gates\", \"article_type\": \"Misc\", \"external_url\": null, \"comments\": [], \"tagged_items\": []}",
    "approved_go_live_at": null
  }
},
{
  "model": "wagtailcore.pagerevision",
  "pk": 12,
  "fields": {
    "page": 12,
    "submitted_for_moderation": false,
    "created_at": "2021-08-14T23:03:25.831Z",
    "user": [
      "{{ cookiecutter.wagtail_user_email }}"
    ],
    "content_json": "{\"pk\": 12, \"path\": \"0001000100030006\", \"depth\": 4, \"numchild\": 0, \"translation_key\": \"20533247-d114-4c42-96cb-6552b4aa44da\", \"locale\": 1, \"title\": \"Notice concerning the popularity of Cicero\", \"draft_title\": \"Notice concerning the popularity of Cicero\", \"slug\": \"notice-concerning-the-popularity-of-cicero\", \"content_type\": 11, \"live\": true, \"has_unpublished_changes\": false, \"url_path\": \"/home/blog/notice-concerning-the-popularity-of-cicero/\", \"owner\": 1, \"seo_title\": \"\", \"show_in_menus\": false, \"search_description\": \"\", \"go_live_at\": null, \"expire_at\": null, \"expired\": false, \"locked\": false, \"locked_at\": null, \"locked_by\": null, \"first_published_at\": \"2021-08-14T22:56:40.008Z\", \"last_published_at\": \"2021-08-14T22:56:40.008Z\", \"latest_revision_created_at\": \"2021-08-14T22:56:39.570Z\", \"live_revision\": 10, \"alias_of\": null, \"summary\": \"It's difficult to find examples of lorem ipsum in use before Letraset made it popular as a dummy text in the 1960s, although McClintock says he remembers coming across the lorem ipsum passage in a book of old metal type samples.\", \"cover_picture\": 6, \"content\": \"[{\\\"type\\\": \\\"paragraph_block\\\", \\\"value\\\": \\\"<p data-block-key=\\\\\\\"iil6z\\\\\\\">And anyways, as <a href=\\\\\\\"https://www.straightdope.com/columns/read/2290/what-does-the-filler-text-lorem-ipsum-mean/\\\\\\\">Cecil Adams reasoned</a>, \\\\u201c[Do you really] think graphic arts supply houses were hiring classics scholars in the 1960s?\\\\u201d Perhaps. But it seems reasonable to imagine that there was a version in use far before the age of Letraset.</p><p data-block-key=\\\\\\\"2n7uk\\\\\\\">As an <a href=\\\\\\\"https://www.deepadvantage.com/blog/lorem-ipsum/\\\\\\\">alternative theory</a>, (and because Latin scholars do this sort of thing) someone tracked down a 1914 Latin edition of <i>De Finibus</i> which challenges McClintock&#x27;s 15th century claims and suggests that the dawn of <i>lorem ipsum</i> was as recent as the 20th century. The 1914 Loeb Classical Library Edition ran out of room on page 34 for the Latin phrase \\\\u201cdolorem ipsum\\\\u201d (sorrow in itself). Thus, the truncated phrase leaves one page dangling with \\\\u201cdo-\\\\u201d, while another begins with the now ubiquitous \\\\u201clorem ipsum\\\\u201d.</p><p data-block-key=\\\\\\\"9ehka\\\\\\\">Whether a medieval typesetter chose to garble a well-known (but non-Biblical\\\\u2014that would have been sacrilegious) text, or whether a quirk in the 1914 Loeb Edition inspired a graphic designer, it&#x27;s admittedly an odd way for Cicero to sail into the 21st century.</p>\\\", \\\"id\\\": \\\"60d49676-93d7-42c6-a15b-ae40f152053b\\\"}, {\\\"type\\\": \\\"image_block\\\", \\\"value\\\": {\\\"image\\\": 9, \\\"caption\\\": \\\"Sensemaking in organisations\\\", \\\"attribution\\\": \\\"photograph by Kathleen Stephenson\\\"}, \\\"id\\\": \\\"78ea4e8e-4f23-4ca5-9df5-a140fbc57528\\\"}, {\\\"type\\\": \\\"paragraph_block\\\", \\\"value\\\": \\\"<p data-block-key=\\\\\\\"fgctz\\\\\\\">The placeholder text, beginning with the line <i>\\\\u201cLorem ipsum dolor sit amet, consectetur adipiscing elit\\\\u201d</i>, looks like Latin because in its youth, centuries ago, it was Latin.</p>\\\", \\\"id\\\": \\\"5c0a18a1-7559-4ede-abf4-f2208f166f4c\\\"}, {\\\"type\\\": \\\"table\\\", \\\"value\\\": {\\\"data\\\": [[\\\"Person\\\", \\\"Machine\\\", \\\"Context\\\"], [\\\"One Word\\\", \\\"What is the meaning of this?\\\", \\\"Hello there\\\"], [\\\"Another dummy word\\\", \\\"Well, what do you know?\\\", \\\"More giberrish\\\"], [\\\"Welcome to the band\\\", \\\"Are you here in town?\\\", \\\"What more do you want?\\\"], [\\\"Come on folks\\\", \\\"That's all folks\\\", \\\"Speedy Gonzales\\\"]], \\\"cell\\\": [], \\\"first_row_is_table_header\\\": true, \\\"first_col_is_header\\\": false, \\\"table_caption\\\": \\\"A medieval typesetter chose to garble a well-known thing\\\"}, \\\"id\\\": \\\"509c60fc-12ed-4b0b-bf52-0a85696406a1\\\"}, {\\\"type\\\": \\\"paragraph_block\\\", \\\"value\\\": \\\"<p data-block-key=\\\\\\\"iil6z\\\\\\\">At how bother typing \\\\u201clorem ipsum\\\\u201d into Google translate. If you already tried, you may have gotten <a href=\\\\\\\"https://krebsonsecurity.com/2014/08/lorem-ipsum-of-good-evil-google-china/\\\\\\\">anything from &quot;NATO&quot; to &quot;China&quot;</a>, depending on how you capitalized the letters. The bizarre translation was fodder for conspiracy theories, but Google has since updated its \\\\u201clorem ipsum\\\\u201d translation to, boringly enough, \\\\u201clorem ipsum\\\\u201d.</p><p data-block-key=\\\\\\\"4ep4i\\\\\\\">One brave soul did take a stab at translating the almost-not-quite-Latin. According to <a href=\\\\\\\"https://www.theguardian.com/books/booksblog/2014/mar/21/lorem-ipsum-translated-latin-placeholder-text\\\\\\\">The Guardian</a>, Jaspreet Singh Boparai undertook the challenge with the goal of making the text \\\\u201cprecisely as incoherent in English as it is in Latin - and to make it incoherent in the same way\\\\u201d. As a result, \\\\u201cthe Greek &#x27;eu&#x27; in Latin became the French &#x27;bien&#x27; [...] and the &#x27;-ing&#x27; ending in &#x27;lorem ipsum&#x27; seemed best rendered by an &#x27;-iendum&#x27; in English.\\\\u201d</p>\\\", \\\"id\\\": \\\"06702caa-c2ae-447a-a26e-462a6f423108\\\"}]\", \"date_published\": \"2021-03-03\", \"author\": \"Garry Warren\", \"article_type\": \"Info\", \"external_url\": null, \"comments\": [], \"tagged_items\": []}",
    "approved_go_live_at": null
  }
},
{
  "model": "wagtailcore.workflowpage",
  "pk": 1,
  "fields": {
    "workflow": 1
  }
},
{
  "model": "wagtailcore.workflowtask",
  "pk": 1,
  "fields": {
    "sort_order": 0,
    "workflow": 1,
    "task": 1
  }
},
{
  "model": "wagtailcore.task",
  "pk": 1,
  "fields": {
    "name": "Moderators approval",
    "content_type": [
      "wagtailcore",
      "groupapprovaltask"
    ],
    "active": true
  }
},
{
  "model": "wagtailcore.workflow",
  "pk": 1,
  "fields": {
    "name": "Moderators approval",
    "active": true
  }
},
{
  "model": "wagtailcore.groupapprovaltask",
  "pk": 1,
  "fields": {
    "groups": [
      [
        "Moderators"
      ]
    ]
  }
},
{
  "model": "wagtailcore.pagelogentry",
  "pk": 1,
  "fields": {
    "content_type": [
      "wagtailcore",
      "page"
    ],
    "label": "Welcome to your new Wagtail site!",
    "action": "wagtail.delete",
    "data_json": "\"\"",
    "timestamp": "2021-08-14T22:18:42.022Z",
    "user": [
      "{{ cookiecutter.wagtail_user_email }}"
    ],
    "content_changed": false,
    "deleted": true,
    "page": 2,
    "revision": null
  }
},
{
  "model": "wagtailcore.pagelogentry",
  "pk": 2,
  "fields": {
    "content_type": [
      "home",
      "homepage"
    ],
    "label": "Home",
    "action": "wagtail.create",
    "data_json": "\"\"",
    "timestamp": "2021-08-14T22:19:03.161Z",
    "user": [
      "{{ cookiecutter.wagtail_user_email }}"
    ],
    "content_changed": true,
    "deleted": false,
    "page": 3,
    "revision": null
  }
},
{
  "model": "wagtailcore.pagelogentry",
  "pk": 3,
  "fields": {
    "content_type": [
      "home",
      "homepage"
    ],
    "label": "Home",
    "action": "wagtail.publish",
    "data_json": "null",
    "timestamp": "2021-08-14T22:19:04.198Z",
    "user": [
      "{{ cookiecutter.wagtail_user_email }}"
    ],
    "content_changed": true,
    "deleted": false,
    "page": 3,
    "revision": 1
  }
},
{
  "model": "wagtailcore.pagelogentry",
  "pk": 4,
  "fields": {
    "content_type": [
      "home",
      "aboutpage"
    ],
    "label": "About",
    "action": "wagtail.create",
    "data_json": "\"\"",
    "timestamp": "2021-08-14T22:20:06.995Z",
    "user": [
      "{{ cookiecutter.wagtail_user_email }}"
    ],
    "content_changed": true,
    "deleted": false,
    "page": 4,
    "revision": null
  }
},
{
  "model": "wagtailcore.pagelogentry",
  "pk": 5,
  "fields": {
    "content_type": [
      "home",
      "aboutpage"
    ],
    "label": "About",
    "action": "wagtail.publish",
    "data_json": "null",
    "timestamp": "2021-08-14T22:20:07.512Z",
    "user": [
      "{{ cookiecutter.wagtail_user_email }}"
    ],
    "content_changed": true,
    "deleted": false,
    "page": 4,
    "revision": 2
  }
},
{
  "model": "wagtailcore.pagelogentry",
  "pk": 6,
  "fields": {
    "content_type": [
      "contact",
      "contactpage"
    ],
    "label": "Contact",
    "action": "wagtail.create",
    "data_json": "\"\"",
    "timestamp": "2021-08-14T22:25:04.297Z",
    "user": [
      "{{ cookiecutter.wagtail_user_email }}"
    ],
    "content_changed": true,
    "deleted": false,
    "page": 5,
    "revision": null
  }
},
{
  "model": "wagtailcore.pagelogentry",
  "pk": 7,
  "fields": {
    "content_type": [
      "contact",
      "contactpage"
    ],
    "label": "Contact",
    "action": "wagtail.publish",
    "data_json": "null",
    "timestamp": "2021-08-14T22:25:05.375Z",
    "user": [
      "{{ cookiecutter.wagtail_user_email }}"
    ],
    "content_changed": true,
    "deleted": false,
    "page": 5,
    "revision": 3
  }
},
{
  "model": "wagtailcore.pagelogentry",
  "pk": 8,
  "fields": {
    "content_type": [
      "blog",
      "articleindexpage"
    ],
    "label": "Blog",
    "action": "wagtail.create",
    "data_json": "\"\"",
    "timestamp": "2021-08-14T22:25:54.190Z",
    "user": [
      "{{ cookiecutter.wagtail_user_email }}"
    ],
    "content_changed": true,
    "deleted": false,
    "page": 6,
    "revision": null
  }
},
{
  "model": "wagtailcore.pagelogentry",
  "pk": 9,
  "fields": {
    "content_type": [
      "blog",
      "articleindexpage"
    ],
    "label": "Blog",
    "action": "wagtail.publish",
    "data_json": "null",
    "timestamp": "2021-08-14T22:25:54.817Z",
    "user": [
      "{{ cookiecutter.wagtail_user_email }}"
    ],
    "content_changed": true,
    "deleted": false,
    "page": 6,
    "revision": 4
  }
},
{
  "model": "wagtailcore.pagelogentry",
  "pk": 10,
  "fields": {
    "content_type": [
      "blog",
      "articlepage"
    ],
    "label": "Parent clear require opportunity onto management involve",
    "action": "wagtail.create",
    "data_json": "\"\"",
    "timestamp": "2021-08-14T22:34:51.636Z",
    "user": [
      "{{ cookiecutter.wagtail_user_email }}"
    ],
    "content_changed": true,
    "deleted": false,
    "page": 7,
    "revision": null
  }
},
{
  "model": "wagtailcore.pagelogentry",
  "pk": 11,
  "fields": {
    "content_type": [
      "blog",
      "articlepage"
    ],
    "label": "Parent clear require opportunity onto management involve",
    "action": "wagtail.publish",
    "data_json": "null",
    "timestamp": "2021-08-14T22:34:52.869Z",
    "user": [
      "{{ cookiecutter.wagtail_user_email }}"
    ],
    "content_changed": true,
    "deleted": false,
    "page": 7,
    "revision": 5
  }
},
{
  "model": "wagtailcore.pagelogentry",
  "pk": 12,
  "fields": {
    "content_type": [
      "blog",
      "articlepage"
    ],
    "label": "Bacon ipsum dolor amet fugiat meatloaf filet mignon eiusmod ullamco shoulder",
    "action": "wagtail.create",
    "data_json": "\"\"",
    "timestamp": "2021-08-14T22:41:43.928Z",
    "user": [
      "{{ cookiecutter.wagtail_user_email }}"
    ],
    "content_changed": true,
    "deleted": false,
    "page": 8,
    "revision": null
  }
},
{
  "model": "wagtailcore.pagelogentry",
  "pk": 13,
  "fields": {
    "content_type": [
      "blog",
      "articlepage"
    ],
    "label": "Bacon ipsum dolor amet fugiat meatloaf filet mignon eiusmod ullamco shoulder",
    "action": "wagtail.publish",
    "data_json": "null",
    "timestamp": "2021-08-14T22:41:45.078Z",
    "user": [
      "{{ cookiecutter.wagtail_user_email }}"
    ],
    "content_changed": true,
    "deleted": false,
    "page": 8,
    "revision": 6
  }
},
{
  "model": "wagtailcore.pagelogentry",
  "pk": 14,
  "fields": {
    "content_type": [
      "blog",
      "articlepage"
    ],
    "label": "Lemon drops shortbread jujubes croissant lemon drops muffin",
    "action": "wagtail.create",
    "data_json": "\"\"",
    "timestamp": "2021-08-14T22:43:42.726Z",
    "user": [
      "{{ cookiecutter.wagtail_user_email }}"
    ],
    "content_changed": true,
    "deleted": false,
    "page": 9,
    "revision": null
  }
},
{
  "model": "wagtailcore.pagelogentry",
  "pk": 15,
  "fields": {
    "content_type": [
      "blog",
      "articlepage"
    ],
    "label": "Lemon drops shortbread jujubes croissant lemon drops muffin",
    "action": "wagtail.publish",
    "data_json": "null",
    "timestamp": "2021-08-14T22:43:43.701Z",
    "user": [
      "{{ cookiecutter.wagtail_user_email }}"
    ],
    "content_changed": true,
    "deleted": false,
    "page": 9,
    "revision": 7
  }
},
{
  "model": "wagtailcore.pagelogentry",
  "pk": 16,
  "fields": {
    "content_type": [
      "blog",
      "articlepage"
    ],
    "label": "We want people to focus on our fonts",
    "action": "wagtail.create",
    "data_json": "\"\"",
    "timestamp": "2021-08-14T22:48:56.647Z",
    "user": [
      "{{ cookiecutter.wagtail_user_email }}"
    ],
    "content_changed": true,
    "deleted": false,
    "page": 10,
    "revision": null
  }
},
{
  "model": "wagtailcore.pagelogentry",
  "pk": 17,
  "fields": {
    "content_type": [
      "blog",
      "articlepage"
    ],
    "label": "We want people to focus on our fonts",
    "action": "wagtail.publish",
    "data_json": "null",
    "timestamp": "2021-08-14T22:48:57.429Z",
    "user": [
      "{{ cookiecutter.wagtail_user_email }}"
    ],
    "content_changed": true,
    "deleted": false,
    "page": 10,
    "revision": 8
  }
},
{
  "model": "wagtailcore.pagelogentry",
  "pk": 18,
  "fields": {
    "content_type": [
      "blog",
      "articlepage"
    ],
    "label": "How did the classical Latin become so incoherent?",
    "action": "wagtail.create",
    "data_json": "\"\"",
    "timestamp": "2021-08-14T22:51:06.323Z",
    "user": [
      "{{ cookiecutter.wagtail_user_email }}"
    ],
    "content_changed": true,
    "deleted": false,
    "page": 11,
    "revision": null
  }
},
{
  "model": "wagtailcore.pagelogentry",
  "pk": 19,
  "fields": {
    "content_type": [
      "blog",
      "articlepage"
    ],
    "label": "How did the classical Latin become so incoherent?",
    "action": "wagtail.publish",
    "data_json": "null",
    "timestamp": "2021-08-14T22:51:07.043Z",
    "user": [
      "{{ cookiecutter.wagtail_user_email }}"
    ],
    "content_changed": true,
    "deleted": false,
    "page": 11,
    "revision": 9
  }
},
{
  "model": "wagtailcore.pagelogentry",
  "pk": 20,
  "fields": {
    "content_type": [
      "blog",
      "articlepage"
    ],
    "label": "Notice concerning the popularity of Cicero",
    "action": "wagtail.create",
    "data_json": "\"\"",
    "timestamp": "2021-08-14T22:56:39.230Z",
    "user": [
      "{{ cookiecutter.wagtail_user_email }}"
    ],
    "content_changed": true,
    "deleted": false,
    "page": 12,
    "revision": null
  }
},
{
  "model": "wagtailcore.pagelogentry",
  "pk": 21,
  "fields": {
    "content_type": [
      "blog",
      "articlepage"
    ],
    "label": "Notice concerning the popularity of Cicero",
    "action": "wagtail.publish",
    "data_json": "null",
    "timestamp": "2021-08-14T22:56:40.514Z",
    "user": [
      "{{ cookiecutter.wagtail_user_email }}"
    ],
    "content_changed": true,
    "deleted": false,
    "page": 12,
    "revision": 10
  }
},
{
  "model": "wagtailcore.pagelogentry",
  "pk": 22,
  "fields": {
    "content_type": [
      "blog",
      "articlepage"
    ],
    "label": "Another one right here",
    "action": "wagtail.create",
    "data_json": "\"\"",
    "timestamp": "2021-08-14T23:01:36.915Z",
    "user": [
      "{{ cookiecutter.wagtail_user_email }}"
    ],
    "content_changed": true,
    "deleted": false,
    "page": 13,
    "revision": null
  }
},
{
  "model": "wagtailcore.pagelogentry",
  "pk": 23,
  "fields": {
    "content_type": [
      "blog",
      "articlepage"
    ],
    "label": "Another one right here",
    "action": "wagtail.publish",
    "data_json": "null",
    "timestamp": "2021-08-14T23:01:37.856Z",
    "user": [
      "{{ cookiecutter.wagtail_user_email }}"
    ],
    "content_changed": true,
    "deleted": false,
    "page": 13,
    "revision": 11
  }
},
{
  "model": "wagtailcore.pagelogentry",
  "pk": 24,
  "fields": {
    "content_type": [
      "blog",
      "articlepage"
    ],
    "label": "Notice concerning the popularity of Cicero",
    "action": "wagtail.edit",
    "data_json": "\"\"",
    "timestamp": "2021-08-14T23:03:25.946Z",
    "user": [
      "{{ cookiecutter.wagtail_user_email }}"
    ],
    "content_changed": true,
    "deleted": false,
    "page": 12,
    "revision": 12
  }
},
{
  "model": "wagtailcore.pagelogentry",
  "pk": 25,
  "fields": {
    "content_type": [
      "blog",
      "articlepage"
    ],
    "label": "Notice concerning the popularity of Cicero",
    "action": "wagtail.publish",
    "data_json": "null",
    "timestamp": "2021-08-14T23:03:26.553Z",
    "user": [
      "{{ cookiecutter.wagtail_user_email }}"
    ],
    "content_changed": true,
    "deleted": false,
    "page": 12,
    "revision": 12
  }
},
{
  "model": "wagtailcore.pagesubscription",
  "pk": 1,
  "fields": {
    "user": [
      "{{ cookiecutter.wagtail_user_email }}"
    ],
    "page": 3,
    "comment_notifications": true
  }
},
{
  "model": "wagtailcore.pagesubscription",
  "pk": 2,
  "fields": {
    "user": [
      "{{ cookiecutter.wagtail_user_email }}"
    ],
    "page": 4,
    "comment_notifications": true
  }
},
{
  "model": "wagtailcore.pagesubscription",
  "pk": 3,
  "fields": {
    "user": [
      "{{ cookiecutter.wagtail_user_email }}"
    ],
    "page": 5,
    "comment_notifications": true
  }
},
{
  "model": "wagtailcore.pagesubscription",
  "pk": 4,
  "fields": {
    "user": [
      "{{ cookiecutter.wagtail_user_email }}"
    ],
    "page": 6,
    "comment_notifications": true
  }
},
{
  "model": "wagtailcore.pagesubscription",
  "pk": 5,
  "fields": {
    "user": [
      "{{ cookiecutter.wagtail_user_email }}"
    ],
    "page": 7,
    "comment_notifications": true
  }
},
{
  "model": "wagtailcore.pagesubscription",
  "pk": 6,
  "fields": {
    "user": [
      "{{ cookiecutter.wagtail_user_email }}"
    ],
    "page": 8,
    "comment_notifications": true
  }
},
{
  "model": "wagtailcore.pagesubscription",
  "pk": 7,
  "fields": {
    "user": [
      "{{ cookiecutter.wagtail_user_email }}"
    ],
    "page": 9,
    "comment_notifications": true
  }
},
{
  "model": "wagtailcore.pagesubscription",
  "pk": 8,
  "fields": {
    "user": [
      "{{ cookiecutter.wagtail_user_email }}"
    ],
    "page": 10,
    "comment_notifications": true
  }
},
{
  "model": "wagtailcore.pagesubscription",
  "pk": 9,
  "fields": {
    "user": [
      "{{ cookiecutter.wagtail_user_email }}"
    ],
    "page": 11,
    "comment_notifications": true
  }
},
{
  "model": "wagtailcore.pagesubscription",
  "pk": 10,
  "fields": {
    "user": [
      "{{ cookiecutter.wagtail_user_email }}"
    ],
    "page": 12,
    "comment_notifications": true
  }
},
{
  "model": "wagtailcore.pagesubscription",
  "pk": 11,
  "fields": {
    "user": [
      "{{ cookiecutter.wagtail_user_email }}"
    ],
    "page": 13,
    "comment_notifications": true
  }
},
{
  "model": "sites.site",
  "pk": 1,
  "fields": {
    "domain": "example.com",
    "name": "example.com"
  }
}
]
