[
  {
    "model": "base.people",
    "pk": 1,
    "fields": {
      "created": "2021-07-20T18:52:08.450Z",
      "modified": "2021-07-20T18:52:08.450Z",
      "status": "published",
      "status_changed": "2021-07-20T18:52:08.492Z",
      "first_name": "Jessica",
      "last_name": "Gomez",
      "phone_number": "+260971234567",
      "email_address": "jessica44@gmail.com",
      "position": "CEO",
      "bio": "<p data-block-key=\"c8ghq\">The French lettering company <a href=\"https://en.wikipedia.org/wiki/Letraset\">Letraset</a> manufactured a set of dry-transfer sheets which included the <i>lorem ipsum</i> filler text in a variety of fonts, sizes, and layouts. These sheets of lettering could be rubbed on anywhere and were quickly adopted by graphic artists, printers, architects, and advertisers for their professional look and ease of use.</p>",
      "facebook": "https://www.facebook.com/jgomez44",
      "twitter": "https://twitter.com/jgomez44",
      "linked_in": "https://www.linkedin.com/in/jgomez44",
      "image": 2
    }
  },
  {
    "model": "base.people",
    "pk": 2,
    "fields": {
      "created": "2021-07-20T18:54:51.125Z",
      "modified": "2021-07-20T18:54:51.125Z",
      "status": "published",
      "status_changed": "2021-07-20T18:54:51.183Z",
      "first_name": "Daniel",
      "last_name": "Lewis",
      "phone_number": "+260960123456",
      "email_address": "daniel2000@gmail.com",
      "position": "Full Stack Developer",
      "bio": "<p data-block-key=\"96k38\">The program came bundled with <i>lorem ipsum</i> dummy text for laying out page content, and other word processors like Microsoft Word followed suit. More recently the growth of web design has helped proliferate lorem ipsum across the internet as a placeholder for future text.</p>",
      "facebook": "",
      "twitter": "https://twitter.com/fullstack",
      "linked_in": "",
      "image": 3
    }
  },
  {
    "model": "base.people",
    "pk": 3,
    "fields": {
      "created": "2021-07-20T18:56:47.900Z",
      "modified": "2021-07-20T18:56:47.900Z",
      "status": "published",
      "status_changed": "2021-07-20T18:56:47.983Z",
      "first_name": "Sean",
      "last_name": "Bennett",
      "phone_number": "+260950123456",
      "email_address": "paulgardner@mcmillan.com",
      "position": "Media Director",
      "bio": "",
      "facebook": "",
      "twitter": "",
      "linked_in": "",
      "image": 4
    }
  },
  {
    "model": "base.people",
    "pk": 4,
    "fields": {
      "created": "2021-07-20T18:58:37.999Z",
      "modified": "2021-07-20T18:59:14.375Z",
      "status": "published",
      "status_changed": "2021-07-20T18:58:38.030Z",
      "first_name": "Elizabeth",
      "last_name": "Peterson",
      "phone_number": "+14587134416",
      "email_address": "zgriffin@yahoo.com",
      "position": "Geologist",
      "bio": "",
      "facebook": "https://www.facebook.com/elisabeta",
      "twitter": "",
      "linked_in": "",
      "image": 5
    }
  },
  {
    "model": "home.homepage",
    "pk": 3,
    "fields": {}
  },
  {
    "model": "home.aboutpage",
    "pk": 4,
    "fields": {}
  },
  {
    "model": "blog.articletag",
    "pk": 1,
    "fields": {
      "tag": 1,
      "content_object": 7
    }
  },
  {
    "model": "blog.articletag",
    "pk": 2,
    "fields": {
      "tag": 2,
      "content_object": 9
    }
  },
  {
    "model": "blog.articletag",
    "pk": 3,
    "fields": {
      "tag": 1,
      "content_object": 11
    }
  },
  {
    "model": "blog.articlepage",
    "pk": 7,
    "fields": {
      "summary": "Creation timelines for the standard lorem ipsum passage vary, with some citing the 15th century and others the 20th.",
      "cover_picture": 1,
      "content": "[{\"type\": \"paragraph_block\", \"value\": \"<p data-block-key=\\\"k6tav\\\"><i>Lorem ipsum</i>, or <i>lipsum</i> as it is sometimes known, is dummy text used in laying out print, graphic or web designs. The passage is attributed to an unknown typesetter in the 15th century who is thought to have scrambled parts of Cicero&#x27;s <i>De Finibus Bonorum et Malorum</i> for use in a type specimen book.</p>\", \"id\": \"7e4bb799-dd1e-4457-bae8-55c1a69d6f68\"}, {\"type\": \"embed_block\", \"value\": \"https://www.youtube.com/watch?v=R5agKyMFVzo\", \"id\": \"1bdf382a-2cd0-4ba5-86b6-dcb1dda6cc8b\"}, {\"type\": \"paragraph_block\", \"value\": \"<p data-block-key=\\\"k6tav\\\">Until recently, the prevailing view assumed <i>lorem ipsum</i> was born as a nonsense text. \\u201cIt&#x27;s not Latin, though it looks like it, and it actually says nothing,\\u201d <i>Before &amp; After</i> magazine <a href=\\\"https://www.straightdope.com/columns/read/2290/what-does-the-filler-text-lorem-ipsum-mean/\\\">answered a curious reader</a>, \\u201cIts \\u2018words\\u2019 loosely approximate the frequency with which letters occur in English, which is why at a glance it looks pretty real.\\u201d</p>\", \"id\": \"4c0efa55-9f1d-4d10-9f0c-a043ea57d147\"}, {\"type\": \"block_quote\", \"value\": {\"text\": \"Neque porro quisquam est, qui dolorem ipsum quia dolor sit amet, consectetur, adipisci velit, sed quia non numquam eius modi tempora incidunt ut labore et dolore magnam aliquam quaerat voluptatem.\", \"attribute_name\": \"Cicero\"}, \"id\": \"14de5461-f2a7-42b2-8a9f-1519462b5d00\"}, {\"type\": \"paragraph_block\", \"value\": \"<p data-block-key=\\\"k6tav\\\">McClintock&#x27;s eye for detail certainly helped narrow the whereabouts of <i>lorem ipsum&#x27;s</i> origin, however, the \\u201chow and when\\u201d still remain something of a mystery, with competing theories and timelines.</p>\", \"id\": \"fc39b3db-7c95-4894-b2e5-a13f4388dd05\"}]",
      "date_published": "2019-07-03",
      "author": "Staff Writer",
      "article_type": "Post",
      "external_url": null
    }
  },
  {
    "model": "blog.articlepage",
    "pk": 8,
    "fields": {
      "summary": "The strength of lorem ipsum is its weakness: it doesn't communicate. To some, designing a website around placeholder text is unacceptable, akin to sewing a custom suit without taking measurements.",
      "cover_picture": 6,
      "content": "[{\"type\": \"paragraph_block\", \"value\": \"<p data-block-key=\\\"fx3s3\\\">Please be advised that we can now so ubiquitous because it is so versatile. Select how many paragraphs you want, copy, paste, and break the lines wherever it is convenient. Real copy doesn&#x27;t work that way. Lot must month summer discussion. Must report cost history often lead, money commercial detail mother physical dark force beat. Answer yes total her. Design manage conference arm public character. News oil it between. Statement back sit weight him. Alone manager can add of require. Number add create air group play than.</p><ul><li data-block-key=\\\"dergh\\\">Include I word employee girl modern rise maintain. Tough view stay tree</li><li data-block-key=\\\"9mcl1\\\">Perhaps newspaper particularly activity provide interview campaign. Walk market media cell include style I. Pattern value letter enter fish</li><li data-block-key=\\\"d9r03\\\">Matter evidence thousand half happy of. Rate figure perhaps.</li></ul>\", \"id\": \"92554261-18a5-4c47-acc2-414202d07ecb\"}, {\"type\": \"table\", \"value\": {\"data\": [[\"interest spring\", \"player speech hair\", \"Increase might natural\"], [\"Protect often voice\", \"Act hotel nothing\", \"Event join half\"], [\"two state message\", \"you office key staff\", \"trial already red\"], [\"Head day one\", \"not so fast\", \"well, what do you know?\"], [\"here is some text\", \"hello there\", \"looks pretty, right?\"]], \"cell\": [], \"first_row_is_table_header\": true, \"first_col_is_header\": false, \"table_caption\": \"Five their wonder beyond front\"}, \"id\": \"7a7066e4-00d1-4a9d-b602-46a2a6a62d63\"}, {\"type\": \"paragraph_block\", \"value\": \"<p data-block-key=\\\"fx3s3\\\">And that\\u2019s why a 15th century typesetter might have scrambled a passage of Cicero; he wanted people to focus on his fonts, to imagine their own content on the pages. He wanted people to see, and to get them to see he had to keep them from reading.</p><p data-block-key=\\\"1cor2\\\">So when is it okay to use <i>lorem ipsum</i>? First, <i>lorem ipsum</i> works well for staging. It&#x27;s like the props in a furniture store\\u2014filler text makes it look like someone is home. The same Wordpress template might eventually be home to a fitness blog, a photography website, or the online journal of a cupcake fanatic. <i>Lorem ipsum</i> helps them imagine what the lived-in website might look like.</p>\", \"id\": \"ac55e8ce-658c-461e-b9da-66983ac61201\"}]",
      "date_published": "2021-04-29",
      "author": "Brent Johnson",
      "article_type": "Info",
      "external_url": null
    }
  },
  {
    "model": "blog.articlepage",
    "pk": 9,
    "fields": {
      "summary": "Use lorem ipsum if you think the placeholder text will be too distracting. For specific projects, collaboration between copywriters and designers may be best, however, like Karen McGrane said, draft copy has a way of turning any meeting about layout decisions into a discussion about word choice. So don't be afraid to use lorem ipsum to keep everyone focused.",
      "cover_picture": 7,
      "content": "[{\"type\": \"paragraph_block\", \"value\": \"<p data-block-key=\\\"4rrjf\\\">One word of caution: make sure your client knows that <i>lorem ipsum</i> is filler text. You don&#x27;t want them wondering why you filled their website with a foreign language, and you certainly don&#x27;t want anyone prematurely publishing it. There was <a href=\\\"http://designenvy.aiga.org/the-chipotle-lorem-ipsum-bag/\\\">that time</a> artists at Sequence opted to hand-Sharpie the <i>lorem ipsum</i> passage on a line of paper bags they designed for Chipotle\\u2014the result being a mixture of avant-garde, inside joke, and Sharpie-stained tables. Those with an eye for detail may have caught a tribute to the classic text in an episode of <a href=\\\"http://www.amc.com/shows/mad-men\\\">Mad Men</a> (S6E1 around 1:18:55 for anyone that didn&#x27;t). And here is a <i>lorem ipsum</i> <a href=\\\"http://littlerunningbear.com/465/lorem-ipsum-for-ever/\\\">tattoo</a>.</p>\", \"id\": \"965dd1a6-bb52-475a-9752-eb0efa3ec0aa\"}, {\"type\": \"embed_block\", \"value\": \"https://twitter.com/bencodezen/status/1417496648658399239\", \"id\": \"1e705ae7-b746-4e63-aeac-514ba6f5793d\"}, {\"type\": \"heading_block\", \"value\": {\"heading_text\": \"Campaign though recognize area\", \"size\": \"h3\"}, \"id\": \"8f076d27-d12d-419e-98fb-b90dd211d404\"}, {\"type\": \"paragraph_block\", \"value\": \"<p data-block-key=\\\"4rrjf\\\">So when is it okay to use <i>lorem ipsum</i>? First, <i>lorem ipsum</i> works well for staging. It&#x27;s like the props in a furniture store\\u2014filler text makes it look like someone is home. The same Wordpress template might eventually be home to a fitness blog, a photography website, or the online journal of a cupcake fanatic. <i>Lorem ipsum</i> helps them imagine what the lived-in website might look like.</p><p data-block-key=\\\"4br0c\\\">Second, use <i>lorem ipsum</i> if you think the placeholder text will be too distracting. For specific projects, collaboration between copywriters and designers may be best, however, like Karen McGrane said, draft copy has a way of turning any meeting about layout decisions into a discussion about word choice. So don&#x27;t be afraid to use <i>lorem ipsum</i> to keep everyone focused.</p><p data-block-key=\\\"3uamd\\\">One word of caution: make sure your client knows that <i>lorem ipsum</i> is filler text. You don&#x27;t want them wondering why you filled their website with a foreign language, and you certainly don&#x27;t want anyone prematurely publishing it.</p>\", \"id\": \"8d94025c-4a66-466e-aeeb-dcf4d475f2ad\"}, {\"type\": \"heading_block\", \"value\": {\"heading_text\": \"Style prevent establish those myself stuff\", \"size\": \"h3\"}, \"id\": \"18445257-6d0b-4fdb-8dec-57529c821cb6\"}, {\"type\": \"paragraph_block\", \"value\": \"<p data-block-key=\\\"4rrjf\\\">Among design professionals, there&#x27;s a bit of controversy surrounding the filler text. Controversy, as in <a href=\\\"https://www.lukew.com/ff/entry.asp?927\\\">Death to Lorem Ipsum</a>.</p><p data-block-key=\\\"cvb72\\\">The strength of <i>lorem ipsum</i> is its weakness: it doesn&#x27;t communicate. To some, designing a website around placeholder text is unacceptable, akin to sewing a custom suit without taking measurements. <a href=\\\"http://adaptivepath.org/ideas/death-to-lorem-ipsum-other-adventures-in-content/\\\">Kristina Halvorson</a> notes:</p>\", \"id\": \"27fe6ad2-a208-48de-9d32-556875ed5ea8\"}, {\"type\": \"block_quote\", \"value\": {\"text\": \"I\\u2019ve heard the argument that \\u201clorem ipsum\\u201d is effective in wireframing or design because it helps people focus on the actual layout, or color scheme, or whatever. What kills me here is that we\\u2019re talking about creating a user experience that will (whether we like it or not) be DRIVEN by words. The entire structure of the page or app flow is FOR THE WORDS.\", \"attribute_name\": \"\"}, \"id\": \"1b4f451b-b007-4ed4-8c5d-794fae533c78\"}, {\"type\": \"paragraph_block\", \"value\": \"<p data-block-key=\\\"4rrjf\\\"><i>Lorem ipsum</i> is so ubiquitous because it is so versatile. Select how many paragraphs you want, copy, paste, and break the lines wherever it is convenient. Real copy doesn&#x27;t work that way.</p><p data-block-key=\\\"cg445\\\"></p>\", \"id\": \"0988ba99-fe97-48ff-a769-a11aed2b7042\"}]",
      "date_published": "2021-04-02",
      "author": "Staff Writer",
      "article_type": "Post",
      "external_url": null
    }
  },
  {
    "model": "blog.articlepage",
    "pk": 10,
    "fields": {
      "summary": "You must make sure that you have co-authored with others, you can justify on the Derived Program, such Derived Program under their own license agreement, provided that: it complies with the provisions set forth in this license",
      "cover_picture": 8,
      "content": "[{\"type\": \"paragraph_block\", \"value\": \"<p data-block-key=\\\"k59vb\\\"><b>Public Domain or from the Work, provide any other entity. Each Contributor represents that to its Contributions set forth in this license document the following conditions are met.</b></p><hr/><p data-block-key=\\\"bek2n\\\">I&#x27;m baby 3 wolf moon roof party taiyaki, swag seitan YOLO selvage literally hell of iPhone lo-fi plaid. Seitan lyft helvetica sustainable. Leggings post-ironic selvage gastropub hoodie. Mixtape listicle williamsburg unicorn, 90&#x27;s stumptown pop-up. Health goth williamsburg echo park, la croix franzen lomo cred blog whatever cray tumblr cardigan tilde vaporware.</p><p data-block-key=\\\"c07vv\\\">Heirloom venmo chillwave man braid flannel. Tattooed cornhole four loko, jianbing meditation mlkshk fingerstache normcore skateboard lumbersexual banjo tbh man bun roof party kogi. Jean shorts williamsburg 90&#x27;s, helvetica viral portland listicle keffiyeh coloring book austin single-origin coffee. Bitters selfies trust fund, poutine bespoke aesthetic marfa. Hella beard portland, VHS selfies vinyl hammock gastropub tacos bicycle rights palo santo af tousled health goth.</p><p data-block-key=\\\"erlhk\\\">Cloud bread tumblr succulents plaid gastropub jianbing craft beer, flexitarian tilde fingerstache deep v neutra. Kogi fam knausgaard palo santo af ramps. Church-key neutra tbh pitchfork cred. Small batch selvage authentic tote bag celiac la croix copper mug tacos. Ethical 90&#x27;s blue bottle keytar slow-carb cred distillery pabst yr crucifix godard shoreditch cray offal. Plaid letterpress food truck trust fund live-edge twee mumblecore cloud bread wayfarers.</p><p data-block-key=\\\"3aanu\\\">Tilde microdosing waistcoat, tbh blog ramps drinking vinegar wayfarers locavore seitan gastropub flexitarian. Kinfolk master cleanse fashion axe cornhole letterpress. Hexagon messenger bag four loko pabst vegan fashion axe beard flexitarian. PBR&amp;B bespoke man bun blog chicharrones. Tofu venmo fixie freegan, skateboard blue bottle neutra meh. Flexitarian shaman knausgaard, meggings offal farm-to-table dreamcatcher subway tile. Ramps occupy salvia humblebrag direct trade narwhal cliche yuccie bitters edison bulb.</p><p data-block-key=\\\"6me7a\\\">While redistributing the Work by You to distribute corresponding source code. Distribution Mechanism&quot; means a Recipient that distributes the Program. CC-BY-SA license If you create or to which You create or to build stand-alone binary or bytecode versions of your distribution.</p><p data-block-key=\\\"6i7qf\\\">Tacos pork belly ugh synth slow-carb fanny pack meh try-hard health goth butcher poke lumbersexual. You probably haven&#x27;t heard of them crucifix chambray stumptown, activated charcoal next level leggings franzen asymmetrical. Tacos enamel pin photo booth, +1 blog heirloom hashtag. Narwhal adaptogen tacos hot chicken jianbing. Jianbing keytar 90&#x27;s, ennui hexagon VHS before they sold out gentrify pop-up pour-over church-key thundercats waistcoat artisan vegan.</p><p data-block-key=\\\"2h578\\\">Avoid adding text. This licence is apt for any kind of work (such as by license or b) a copy of the Contribution of such damages. Accepting Warranty or Additional Liability.</p><p data-block-key=\\\"dl4tm\\\">If these instructions, at any time while you are carrying out such distribution, become invalid, you must include a copy of this License shall be governed by this License; they are embedded, and shall take other steps (such as by license or settlement) prior to termination shall survive any termination of this definition, &quot;control&quot;../ means (a) the power, direct or indirect, to cause the modified work as &quot;Original Code&quot; means the Package, do not, by themselves, cause the modified files to carry prominent notices stating that you duplicate all of the Standard Version of this License any code that you provide a difference file from the redistributions of source code <b>control systems</b>, and issue tracking systems that are reasonably necessary to enable recipients of the Free Software Foundation, Inc., 59 Temple Place, Suite 330, Boston, MA 02111-1307 USA Also add information on how and where You describe recipients&#x27; rights relating to the text you hold the copyright notice appears in all respects by the terms of Sections 1 through 9 of this Agreement , including but not limited to delivery of content, through electronic communication with a client other than IBM has the sole purpose of this Agreement must be sufficiently detailed for a recipient will know whom to contact. If you are also required to justify it to be able to understand it.</p>\", \"id\": \"a1db87c7-2c9f-497a-bc6e-7887ed397d25\"}]",
      "date_published": "2021-04-15",
      "author": "Julia Robinson",
      "article_type": "Shout",
      "external_url": null
    }
  },
  {
    "model": "blog.articlepage",
    "pk": 11,
    "fields": {
      "summary": "Bacon ipsum dolor amet ham hock burgdoggen brisket short loin. Frankfurter andouille beef ribs sausage rump. Brisket bresaola alcatra turkey, jowl shank landjaeger beef ribs pancetta leberkas. Porchetta andouille picanha tenderloin, spare ribs shoulder filet mignon alcatra pork buffalo ham meatloaf fatback rump. Cow cupim prosciutto meatball sausage turducken strip steak kielbasa pork chop, andouille bacon. Shank burgdoggen beef capicola short loin, ground round shoulder pork loin turducken meatball pancetta bresaola.",
      "cover_picture": 9,
      "content": "[{\"type\": \"paragraph_block\", \"value\": \"<p data-block-key=\\\"lcyhu\\\">Ball tip prosciutto leberkas venison, boudin chislic cupim meatloaf frankfurter. Tri-tip filet mignon beef ribs, kevin salami tenderloin pastrami beef. Chuck short ribs pork loin, ham hock boudin beef landjaeger tongue pancetta tri-tip. Picanha ham rump, pig fatback bresaola burgdoggen andouille. Spare ribs burgdoggen landjaeger, shankle corned beef t-bone jowl swine shank turducken ham hock meatball.</p><p data-block-key=\\\"8tu06\\\">Beef tail cupim, swine sausage jowl frankfurter brisket boudin salami alcatra. Corned beef tri-tip pork belly brisket, biltong boudin sausage porchetta chislic picanha ground round. Salami pancetta porchetta, venison swine shank ground round buffalo jowl pastrami beef tenderloin sirloin meatball. Turkey turducken ground round, cupim biltong jerky jowl kielbasa.</p>\", \"id\": \"720a8d4c-0937-437e-8108-509c5ff84af1\"}, {\"type\": \"embed_block\", \"value\": \"https://www.youtube.com/watch?v=99yqAi7YPUI\", \"id\": \"077c3ab2-ab16-4852-b4b0-74ca4561e594\"}, {\"type\": \"paragraph_block\", \"value\": \"<p data-block-key=\\\"lcyhu\\\">Biltong beef flank, fatback chuck chislic filet mignon pancetta ribeye tenderloin cupim tongue shank rump. Spare ribs jerky beef, chicken t-bone sausage shank turducken ball tip tenderloin. Shoulder boudin pork chop andouille sausage fatback jerky picanha. Boudin cupim tail cow ball tip filet mignon ham hock flank brisket tenderloin short ribs ribeye tri-tip ground round.</p><p data-block-key=\\\"evd5h\\\">Capicola biltong kielbasa picanha ham hock chicken doner ham ribeye. Burgdoggen frankfurter sirloin, pancetta tail fatback pork meatball shankle pork belly ham beef jowl sausage. Venison frankfurter bresaola shoulder pork loin porchetta. Cow meatloaf ham venison. Frankfurter beef brisket, tail filet mignon flank pork loin tenderloin andouille short ribs jerky.</p>\", \"id\": \"54fa54dc-43c4-4cc5-a6d6-a3cebca5603f\"}, {\"type\": \"embed_block\", \"value\": \"https://twitter.com/ChloeCondon/status/1417504502765166594\", \"id\": \"3ac06176-127e-4e53-8c55-a64ddcd65eaa\"}, {\"type\": \"paragraph_block\", \"value\": \"<p data-block-key=\\\"lcyhu\\\">Spicy jalapeno bacon ipsum dolor amet porchetta ea laboris, picanha in enim mollit ut ullamco spare ribs bacon sed labore. Laboris alcatra aliquip fatback, esse reprehenderit pancetta hamburger ut consectetur eiusmod. Sint deserunt biltong, pig dolor quis ex non ground round.</p><ol><li data-block-key=\\\"b59oh\\\">Chuck ut salami do est pastrami chicken aute fugiat venison consectetur officia t-bone pork belly.</li><li data-block-key=\\\"c91er\\\">Kielbasa anim officia, laborum dolore exercitation et pork chop jowl chislic incididunt swine bresaola pig doner.</li><li data-block-key=\\\"9okbf\\\">Dolor magna lorem, drumstick duis capicola consequat flank eu ut.</li><li data-block-key=\\\"bgi3t\\\">Turkey picanha prosciutto, anim boudin brisket magna short loin excepteur nostrud pastrami ex pariatur tongue et.</li></ol><p data-block-key=\\\"8k7uo\\\">Bresaola lorem pig, t-bone jowl flank ipsum laboris. Non do jowl picanha nisi boudin sausage beef nostrud doner. Excepteur cow meatloaf in, jerky alcatra kielbasa aute pork quis ad beef enim. Landjaeger magna chislic, jowl ut ball tip nulla excepteur ex in venison. Landjaeger magna cillum chislic in consectetur. Shank velit shankle meatloaf quis magna.</p>\", \"id\": \"6c95ac73-0959-4996-9c2a-7d5851b9e13c\"}]",
      "date_published": "2021-05-06",
      "author": "Kelsey Barrett",
      "article_type": "Misc",
      "external_url": null
    }
  },
  {
    "model": "blog.articlepage",
    "pk": 12,
    "fields": {
      "summary": "Every year or so, I revisit the current best practices for Python packaging. I.e. the way you’re supposed to distribute your Python packages. The main source is packaging.python.org where the official packaging guidelines are. It is worth noting that the way you’re supposed to package your Python applications is not defined by Python or its maintainers, but rather delegated to a separate entity, the Python Packaging Authority (PyPA).",
      "cover_picture": 10,
      "content": "[]",
      "date_published": "2021-06-26",
      "author": "Bastian Venthur",
      "article_type": "URL",
      "external_url": "https://venthur.de/2021-06-26-python-packaging.html"
    }
  },
  {
    "model": "blog.articlepage",
    "pk": 13,
    "fields": {
      "summary": "Meatball meatloaf ex lorem elit officia landjaeger hamburger. Porchetta andouille veniam, ham pancetta chislic ut elit. In proident ea rump kielbasa chuck sirloin pork belly ground round nisi bresaola venison pancetta short ribs sausage. Duis ground round eiusmod nulla labore, brisket veniam jowl jerky beef occaecat. Jerky leberkas tenderloin kielbasa, aliquip burgdoggen ut in.",
      "cover_picture": 11,
      "content": "[{\"type\": \"paragraph_block\", \"value\": \"<p data-block-key=\\\"4jq07\\\">Aute cupidatat enim do tongue excepteur beef ribs doner, tail corned beef nulla lorem pancetta. Tail turkey venison anim, commodo consectetur aliqua in short loin exercitation officia. Laborum commodo drumstick pancetta cillum. Fatback pastrami velit culpa shoulder quis non pork loin ipsum tempor pork aute.</p><p data-block-key=\\\"2hjr3\\\">The purpose of <i>lorem ipsum</i> is to create a natural looking block of text (sentence, paragraph, page, etc.) that doesn&#x27;t distract from the layout. A practice not without <a href=\\\"https://loremipsum.io/#controversy\\\">controversy</a>, laying out pages with meaningless filler text can be very useful when the focus is meant to be on design, not content.</p><p data-block-key=\\\"fda1j\\\">The passage experienced a surge in popularity during the 1960s when Letraset used it on their dry-transfer sheets, and again during the 90s as desktop publishers bundled the text with their software. Today it&#x27;s seen all around the web; on templates, websites, and stock designs. Use our <a href=\\\"https://loremipsum.io/#generator\\\">generator</a> to get your own, or read on for the authoritative history of <i>lorem ipsum</i>.</p>\", \"id\": \"203907c7-f418-431e-844a-404b8d0d9da5\"}]",
      "date_published": "2021-05-27",
      "author": "Staff Writer",
      "article_type": "Post",
      "external_url": null
    }
  },
  {
    "model": "blog.articleindexpage",
    "pk": 6,
    "fields": {
      "introduction": "Lorem ipsum is placeholder text commonly used in the graphic, print, and publishing industries for previewing layouts and visual mockups."
    }
  },
  {
    "model": "contact.contactpagephonenumber",
    "pk": 1,
    "fields": {
      "sort_order": 0,
      "phone_number": "+17247376091",
      "page": 5
    }
  },
  {
    "model": "contact.contactpagephonenumber",
    "pk": 2,
    "fields": {
      "sort_order": 1,
      "phone_number": "+18195393780",
      "page": 5
    }
  },
  {
    "model": "contact.contactpageemailaddress",
    "pk": 1,
    "fields": {
      "sort_order": 0,
      "email_address": "gguzman@lambert.info",
      "page": 5
    }
  },
  {
    "model": "contact.contactpageemailaddress",
    "pk": 2,
    "fields": {
      "sort_order": 1,
      "email_address": "singletonbarry@gmail.com",
      "page": 5
    }
  },
  {
    "model": "contact.contactpage",
    "pk": 5,
    "fields": {
      "address": "8614 Leslie Field, New Paul, IL 60863"
    }
  },
  {
    "model": "wagtailembeds.embed",
    "pk": 1,
    "fields": {
      "url": "https://www.youtube.com/watch?v=R5agKyMFVzo",
      "max_width": null,
      "hash": "dabd840b1273220abfe949b62e0c9b2a",
      "type": "video",
      "html": "<iframe width=\"200\" height=\"113\" src=\"https://www.youtube.com/embed/R5agKyMFVzo?feature=oembed\" frameborder=\"0\" allow=\"accelerometer; autoplay; clipboard-write; encrypted-media; gyroscope; picture-in-picture\" allowfullscreen></iframe>",
      "title": "KotlinConf 2018 - I Am a Developer at 54 by Alicia Carr",
      "author_name": "JetBrainsTV",
      "provider_name": "YouTube",
      "thumbnail_url": "https://i.ytimg.com/vi/R5agKyMFVzo/hqdefault.jpg",
      "width": 200,
      "height": 113,
      "last_updated": "2021-07-20T18:45:14.091Z"
    }
  },
  {
    "model": "wagtailembeds.embed",
    "pk": 2,
    "fields": {
      "url": "https://twitter.com/bencodezen/status/1417496648658399239",
      "max_width": null,
      "hash": "27d5966bedceb31050d12498667669c2",
      "type": "rich",
      "html": "<blockquote class=\"twitter-tweet\"><p lang=\"en\" dir=\"ltr\">With all the recording equipment and digital gadgets, my desk has become quite a nightmare of wires... 😵<br><br>Does anyone have any inspiration/organization tactics they&#39;d recommend?</p>&mdash; Ben Hong (@bencodezen) <a href=\"https://twitter.com/bencodezen/status/1417496648658399239?ref_src=twsrc%5Etfw\">July 20, 2021</a></blockquote>\n<script async src=\"https://platform.twitter.com/widgets.js\" charset=\"utf-8\"></script>\n",
      "title": "",
      "author_name": "Ben Hong",
      "provider_name": "Twitter",
      "thumbnail_url": "",
      "width": 550,
      "height": null,
      "last_updated": "2021-07-20T19:14:51.393Z"
    }
  },
  {
    "model": "wagtailembeds.embed",
    "pk": 3,
    "fields": {
      "url": "https://www.youtube.com/watch?v=99yqAi7YPUI",
      "max_width": null,
      "hash": "6a22065f1b424aaf61d99ef227adb0cb",
      "type": "video",
      "html": "<iframe width=\"200\" height=\"113\" src=\"https://www.youtube.com/embed/99yqAi7YPUI?feature=oembed\" frameborder=\"0\" allow=\"accelerometer; autoplay; clipboard-write; encrypted-media; gyroscope; picture-in-picture\" allowfullscreen></iframe>",
      "title": "Giant Sulking Dog Hides In Kids House To Avoid BATH TIME!!",
      "author_name": "Life with Malamutes",
      "provider_name": "YouTube",
      "thumbnail_url": "https://i.ytimg.com/vi/99yqAi7YPUI/hqdefault.jpg",
      "width": 200,
      "height": 113,
      "last_updated": "2021-07-20T19:25:21.630Z"
    }
  },
  {
    "model": "wagtailembeds.embed",
    "pk": 4,
    "fields": {
      "url": "https://twitter.com/ChloeCondon/status/1417504502765166594",
      "max_width": null,
      "hash": "96797126d848ccb6739cff766f8ecf20",
      "type": "rich",
      "html": "<blockquote class=\"twitter-tweet\"><p lang=\"en\" dir=\"ltr\">&quot;First human flight&quot;? Are we just gonna ignore history, Jeff??? <a href=\"https://t.co/VrM9sheZHM\">pic.twitter.com/VrM9sheZHM</a></p>&mdash; Chloe Condon (@ChloeCondon) <a href=\"https://twitter.com/ChloeCondon/status/1417504502765166594?ref_src=twsrc%5Etfw\">July 20, 2021</a></blockquote>\n<script async src=\"https://platform.twitter.com/widgets.js\" charset=\"utf-8\"></script>\n",
      "title": "",
      "author_name": "Chloe Condon",
      "provider_name": "Twitter",
      "thumbnail_url": "",
      "width": 550,
      "height": null,
      "last_updated": "2021-07-20T19:25:22.909Z"
    }
  },
  {
    "model": "wagtailusers.userprofile",
    "pk": 1,
    "fields": {
      "user": ["{{ cookiecutter.wagtail_username }}"],
      "submitted_notifications": true,
      "approved_notifications": true,
      "rejected_notifications": true,
      "updated_comments_notifications": true,
      "preferred_language": "",
      "current_time_zone": "",
      "avatar": ""
    }
  },
  {
    "model": "wagtailimages.image",
    "pk": 1,
    "fields": {
      "collection": 1,
      "title": "the nature of lorem ipsum",
      "file": "original_images/post_01_oF1Lpzs.jpg",
      "width": 1280,
      "height": 800,
      "created_at": "2021-07-20T18:41:38.915Z",
      "uploaded_by_user": ["{{ cookiecutter.wagtail_username }}"],
      "focal_point_x": null,
      "focal_point_y": null,
      "focal_point_width": null,
      "focal_point_height": null,
      "file_size": 58050,
      "file_hash": "27363143c9d7117e6b941ddf30e2b0a71360cf07"
    }
  },
  {
    "model": "wagtailimages.image",
    "pk": 2,
    "fields": {
      "collection": 1,
      "title": "Jessica Gomez",
      "file": "original_images/person_02_zeQVSNa.jpg",
      "width": 640,
      "height": 426,
      "created_at": "2021-07-20T18:50:43.837Z",
      "uploaded_by_user": ["{{ cookiecutter.wagtail_username }}"],
      "focal_point_x": null,
      "focal_point_y": null,
      "focal_point_width": null,
      "focal_point_height": null,
      "file_size": 45841,
      "file_hash": "b87d8a36f8cdda77725ce420e215b9d9b555722c"
    }
  },
  {
    "model": "wagtailimages.image",
    "pk": 3,
    "fields": {
      "collection": 1,
      "title": "Daniel Lewis",
      "file": "original_images/person_01_pQjIoeQ.jpg",
      "width": 640,
      "height": 425,
      "created_at": "2021-07-20T18:54:13.976Z",
      "uploaded_by_user": ["{{ cookiecutter.wagtail_username }}"],
      "focal_point_x": null,
      "focal_point_y": null,
      "focal_point_width": null,
      "focal_point_height": null,
      "file_size": 48631,
      "file_hash": "38f337fe3849fd3a88a5298ba2e339fd28d69543"
    }
  },
  {
    "model": "wagtailimages.image",
    "pk": 4,
    "fields": {
      "collection": 1,
      "title": "Sean Bennett",
      "file": "original_images/person_04_A9i4X7d.jpg",
      "width": 640,
      "height": 423,
      "created_at": "2021-07-20T18:56:23.611Z",
      "uploaded_by_user": ["{{ cookiecutter.wagtail_username }}"],
      "focal_point_x": null,
      "focal_point_y": null,
      "focal_point_width": null,
      "focal_point_height": null,
      "file_size": 79280,
      "file_hash": "bdc85862054239ef859664ab32751006258f664a"
    }
  },
  {
    "model": "wagtailimages.image",
    "pk": 5,
    "fields": {
      "collection": 1,
      "title": "Elizabeth Peterson",
      "file": "original_images/person_03_J88MK97.jpg",
      "width": 640,
      "height": 426,
      "created_at": "2021-07-20T18:58:19.612Z",
      "uploaded_by_user": ["{{ cookiecutter.wagtail_username }}"],
      "focal_point_x": null,
      "focal_point_y": null,
      "focal_point_width": null,
      "focal_point_height": null,
      "file_size": 62617,
      "file_hash": "85b3db6991914106c227a8efb336e4f19058b94a"
    }
  },
  {
    "model": "wagtailimages.image",
    "pk": 6,
    "fields": {
      "collection": 1,
      "title": "Or other president weight camera",
      "file": "original_images/post_02_GfkrMyh.jpg",
      "width": 1280,
      "height": 719,
      "created_at": "2021-07-20T19:03:15.873Z",
      "uploaded_by_user": ["{{ cookiecutter.wagtail_username }}"],
      "focal_point_x": null,
      "focal_point_y": null,
      "focal_point_width": null,
      "focal_point_height": null,
      "file_size": 197835,
      "file_hash": "4d4682b128d93132a66008750de86bf94c8d0acf"
    }
  },
  {
    "model": "wagtailimages.image",
    "pk": 7,
    "fields": {
      "collection": 1,
      "title": "One agency attorney certainly current.",
      "file": "original_images/post_03_mK428i3.jpg",
      "width": 1280,
      "height": 853,
      "created_at": "2021-07-20T19:11:10.742Z",
      "uploaded_by_user": ["{{ cookiecutter.wagtail_username }}"],
      "focal_point_x": null,
      "focal_point_y": null,
      "focal_point_width": null,
      "focal_point_height": null,
      "file_size": 316408,
      "file_hash": "d13f8689c1cf145bb1c8d8cae2092db9e64cdafc"
    }
  },
  {
    "model": "wagtailimages.image",
    "pk": 8,
    "fields": {
      "collection": 1,
      "title": "Fashionista Court thus tough white health capital",
      "file": "original_images/post_04_zXKrCoW.png",
      "width": 1280,
      "height": 920,
      "created_at": "2021-07-20T19:16:54.403Z",
      "uploaded_by_user": ["{{ cookiecutter.wagtail_username }}"],
      "focal_point_x": null,
      "focal_point_y": null,
      "focal_point_width": null,
      "focal_point_height": null,
      "file_size": 35650,
      "file_hash": "becf51641c6ac6b5fae3cdabdbf6c8d81a14bc94"
    }
  },
  {
    "model": "wagtailimages.image",
    "pk": 9,
    "fields": {
      "collection": 1,
      "title": "Summer model soldier word guy fire add show",
      "file": "original_images/post_05_VKJxzb3.jpg",
      "width": 1280,
      "height": 640,
      "created_at": "2021-07-20T19:21:12.845Z",
      "uploaded_by_user": ["{{ cookiecutter.wagtail_username }}"],
      "focal_point_x": null,
      "focal_point_y": null,
      "focal_point_width": null,
      "focal_point_height": null,
      "file_size": 84594,
      "file_hash": "69686b85f6c9bbf8d66562766f61e4007b535b51"
    }
  },
  {
    "model": "wagtailimages.image",
    "pk": 10,
    "fields": {
      "collection": 1,
      "title": "Game particularly free party speak",
      "file": "original_images/post_06_6uN7DWO.jpg",
      "width": 640,
      "height": 428,
      "created_at": "2021-07-20T19:26:24.985Z",
      "uploaded_by_user": ["{{ cookiecutter.wagtail_username }}"],
      "focal_point_x": null,
      "focal_point_y": null,
      "focal_point_width": null,
      "focal_point_height": null,
      "file_size": 133164,
      "file_hash": "c8c6d7058f91dccde7c236a1c3370da38ea7d9cb"
    }
  },
  {
    "model": "wagtailimages.image",
    "pk": 11,
    "fields": {
      "collection": 1,
      "title": "Necessary provide rather yet",
      "file": "original_images/post_07_EOfn3Qa.jpg",
      "width": 1280,
      "height": 853,
      "created_at": "2021-07-20T19:29:15.356Z",
      "uploaded_by_user": ["{{ cookiecutter.wagtail_username }}"],
      "focal_point_x": null,
      "focal_point_y": null,
      "focal_point_width": null,
      "focal_point_height": null,
      "file_size": 112263,
      "file_hash": "721a8c7e8196655374f4fa649643bcf96728dcc3"
    }
  },
  {
    "model": "wagtailcore.site",
    "pk": 2,
    "fields": {
      "hostname": "127.0.0.1",
      "port": 80,
      "site_name": "{{ cookiecutter.project_slug }}",
      "root_page": 3,
      "is_default_site": true
    }
  },
  {
    "model": "wagtailcore.locale",
    "pk": 1,
    "fields": {
      "language_code": "en"
    }
  },
  {
    "model": "wagtailcore.page",
    "pk": 1,
    "fields": {
      "path": "0001",
      "depth": 1,
      "numchild": 1,
      "translation_key": "4ebc34eb-83b5-4ada-b0cd-ee36d849f502",
      "locale": 1,
      "title": "Root",
      "draft_title": "Root",
      "slug": "root",
      "content_type": ["wagtailcore", "page"],
      "live": true,
      "has_unpublished_changes": false,
      "url_path": "/",
      "owner": null,
      "seo_title": "",
      "show_in_menus": false,
      "search_description": "",
      "go_live_at": null,
      "expire_at": null,
      "expired": false,
      "locked": false,
      "locked_at": null,
      "locked_by": null,
      "first_published_at": null,
      "last_published_at": null,
      "latest_revision_created_at": null,
      "live_revision": null,
      "alias_of": null
    }
  },
  {
    "model": "wagtailcore.page",
    "pk": 3,
    "fields": {
      "path": "00010001",
      "depth": 2,
      "numchild": 3,
      "translation_key": "42050017-9ab6-4171-8d89-b9173512ab1c",
      "locale": 1,
      "title": "Home",
      "draft_title": "Home",
      "slug": "home",
      "content_type": ["home", "homepage"],
      "live": true,
      "has_unpublished_changes": false,
      "url_path": "/home/",
      "owner": ["{{ cookiecutter.wagtail_username }}"],
      "seo_title": "",
      "show_in_menus": false,
      "search_description": "",
      "go_live_at": null,
      "expire_at": null,
      "expired": false,
      "locked": false,
      "locked_at": null,
      "locked_by": null,
      "first_published_at": "2021-07-20T18:21:43.465Z",
      "last_published_at": "2021-07-20T18:21:43.465Z",
      "latest_revision_created_at": "2021-07-20T18:21:43.190Z",
      "live_revision": 1,
      "alias_of": null
    }
  },
  {
    "model": "wagtailcore.page",
    "pk": 4,
    "fields": {
      "path": "000100010001",
      "depth": 3,
      "numchild": 0,
      "translation_key": "a8aa7256-26b7-4535-91f9-f3eb54af83ac",
      "locale": 1,
      "title": "About",
      "draft_title": "About",
      "slug": "about",
      "content_type": ["home", "aboutpage"],
      "live": true,
      "has_unpublished_changes": false,
      "url_path": "/home/about/",
      "owner": ["{{ cookiecutter.wagtail_username }}"],
      "seo_title": "",
      "show_in_menus": false,
      "search_description": "",
      "go_live_at": null,
      "expire_at": null,
      "expired": false,
      "locked": false,
      "locked_at": null,
      "locked_by": null,
      "first_published_at": "2021-07-20T18:34:40.557Z",
      "last_published_at": "2021-07-20T18:34:40.557Z",
      "latest_revision_created_at": "2021-07-20T18:34:40.114Z",
      "live_revision": 2,
      "alias_of": null
    }
  },
  {
    "model": "wagtailcore.page",
    "pk": 5,
    "fields": {
      "path": "000100010002",
      "depth": 3,
      "numchild": 0,
      "translation_key": "9e0836b1-f04f-4866-b029-293bd0007631",
      "locale": 1,
      "title": "Contact",
      "draft_title": "Contact",
      "slug": "contact",
      "content_type": ["contact", "contactpage"],
      "live": true,
      "has_unpublished_changes": false,
      "url_path": "/home/contact/",
      "owner": ["{{ cookiecutter.wagtail_username }}"],
      "seo_title": "",
      "show_in_menus": false,
      "search_description": "",
      "go_live_at": null,
      "expire_at": null,
      "expired": false,
      "locked": false,
      "locked_at": null,
      "locked_by": null,
      "first_published_at": "2021-07-20T18:37:43.419Z",
      "last_published_at": "2021-07-20T18:37:43.419Z",
      "latest_revision_created_at": "2021-07-20T18:37:42.877Z",
      "live_revision": 3,
      "alias_of": null
    }
  },
  {
    "model": "wagtailcore.page",
    "pk": 6,
    "fields": {
      "path": "000100010003",
      "depth": 3,
      "numchild": 7,
      "translation_key": "e4c665bd-660a-4633-b4d2-4d45b975fbc9",
      "locale": 1,
      "title": "Blog",
      "draft_title": "Blog",
      "slug": "blog",
      "content_type": ["blog", "articleindexpage"],
      "live": true,
      "has_unpublished_changes": false,
      "url_path": "/home/blog/",
      "owner": ["{{ cookiecutter.wagtail_username }}"],
      "seo_title": "",
      "show_in_menus": false,
      "search_description": "",
      "go_live_at": null,
      "expire_at": null,
      "expired": false,
      "locked": false,
      "locked_at": null,
      "locked_by": null,
      "first_published_at": "2021-07-20T18:39:24.914Z",
      "last_published_at": "2021-07-20T18:39:24.914Z",
      "latest_revision_created_at": "2021-07-20T18:39:24.626Z",
      "live_revision": 4,
      "alias_of": null
    }
  },
  {
    "model": "wagtailcore.page",
    "pk": 7,
    "fields": {
      "path": "0001000100030001",
      "depth": 4,
      "numchild": 0,
      "translation_key": "0bddff5c-c91e-4237-a308-0194c2474587",
      "locale": 1,
      "title": "The purpose of lorem ipsum",
      "draft_title": "The purpose of lorem ipsum",
      "slug": "the-purpose-of-lorem-ipsum",
      "content_type": ["blog", "articlepage"],
      "live": true,
      "has_unpublished_changes": false,
      "url_path": "/home/blog/the-purpose-of-lorem-ipsum/",
      "owner": ["{{ cookiecutter.wagtail_username }}"],
      "seo_title": "",
      "show_in_menus": false,
      "search_description": "",
      "go_live_at": null,
      "expire_at": null,
      "expired": false,
      "locked": false,
      "locked_at": null,
      "locked_by": null,
      "first_published_at": "2021-07-20T18:45:32.336Z",
      "last_published_at": "2021-07-20T18:46:53.568Z",
      "latest_revision_created_at": "2021-07-20T18:46:52.914Z",
      "live_revision": 6,
      "alias_of": null
    }
  },
  {
    "model": "wagtailcore.page",
    "pk": 8,
    "fields": {
      "path": "0001000100030002",
      "depth": 4,
      "numchild": 0,
      "translation_key": "c3c10e9a-9742-4c2b-ab7a-05bc97872c8c",
      "locale": 1,
      "title": "Sheets of lettering can now be rubbed on anywhere",
      "draft_title": "Sheets of lettering can now be rubbed on anywhere",
      "slug": "sheets-of-lettering-can-now-be-rubbed-on-anywhere",
      "content_type": ["blog", "articlepage"],
      "live": true,
      "has_unpublished_changes": false,
      "url_path": "/home/blog/sheets-of-lettering-can-now-be-rubbed-on-anywhere/",
      "owner": ["{{ cookiecutter.wagtail_username }}"],
      "seo_title": "",
      "show_in_menus": false,
      "search_description": "",
      "go_live_at": null,
      "expire_at": null,
      "expired": false,
      "locked": false,
      "locked_at": null,
      "locked_by": null,
      "first_published_at": "2021-07-20T19:09:41.749Z",
      "last_published_at": "2021-07-20T19:09:41.749Z",
      "latest_revision_created_at": "2021-07-20T19:09:41.267Z",
      "live_revision": 7,
      "alias_of": null
    }
  },
  {
    "model": "wagtailcore.page",
    "pk": 9,
    "fields": {
      "path": "0001000100030003",
      "depth": 4,
      "numchild": 0,
      "translation_key": "5ff0af49-12fb-43f0-8e3f-ae509a856685",
      "locale": 1,
      "title": "Fill minute sell my worry hour set",
      "draft_title": "Fill minute sell my worry hour set",
      "slug": "fill-minute-sell-my-worry-hour-set",
      "content_type": ["blog", "articlepage"],
      "live": true,
      "has_unpublished_changes": false,
      "url_path": "/home/blog/fill-minute-sell-my-worry-hour-set/",
      "owner": ["{{ cookiecutter.wagtail_username }}"],
      "seo_title": "",
      "show_in_menus": false,
      "search_description": "",
      "go_live_at": null,
      "expire_at": null,
      "expired": false,
      "locked": false,
      "locked_at": null,
      "locked_by": null,
      "first_published_at": "2021-07-20T19:14:52.501Z",
      "last_published_at": "2021-07-20T19:14:52.501Z",
      "latest_revision_created_at": "2021-07-20T19:14:52.048Z",
      "live_revision": 8,
      "alias_of": null
    }
  },
  {
    "model": "wagtailcore.page",
    "pk": 10,
    "fields": {
      "path": "0001000100030004",
      "depth": 4,
      "numchild": 0,
      "translation_key": "1ddc8b18-febf-4a9c-8618-d2b831613d19",
      "locale": 1,
      "title": "For those times when you need some legal-sounding gibberish",
      "draft_title": "For those times when you need some legal-sounding gibberish",
      "slug": "for-those-times-when-you-need-some-legal-sounding-gibberish",
      "content_type": ["blog", "articlepage"],
      "live": true,
      "has_unpublished_changes": false,
      "url_path": "/home/blog/for-those-times-when-you-need-some-legal-sounding-gibberish/",
      "owner": ["{{ cookiecutter.wagtail_username }}"],
      "seo_title": "",
      "show_in_menus": false,
      "search_description": "",
      "go_live_at": null,
      "expire_at": null,
      "expired": false,
      "locked": false,
      "locked_at": null,
      "locked_by": null,
      "first_published_at": "2021-07-20T19:20:34.908Z",
      "last_published_at": "2021-07-20T19:20:34.908Z",
      "latest_revision_created_at": "2021-07-20T19:20:34.391Z",
      "live_revision": 9,
      "alias_of": null
    }
  },
  {
    "model": "wagtailcore.page",
    "pk": 11,
    "fields": {
      "path": "0001000100030005",
      "depth": 4,
      "numchild": 0,
      "translation_key": "cc675c08-998c-44c2-b820-7053110b5090",
      "locale": 1,
      "title": "Course play good send dream seem early poor situation great employee",
      "draft_title": "Course play good send dream seem early poor situation great employee",
      "slug": "course-play-good-send-dream-seem-early-poor-situation-great-employee",
      "content_type": ["blog", "articlepage"],
      "live": true,
      "has_unpublished_changes": false,
      "url_path": "/home/blog/course-play-good-send-dream-seem-early-poor-situation-great-employee/",
      "owner": ["{{ cookiecutter.wagtail_username }}"],
      "seo_title": "",
      "show_in_menus": false,
      "search_description": "",
      "go_live_at": null,
      "expire_at": null,
      "expired": false,
      "locked": false,
      "locked_at": null,
      "locked_by": null,
      "first_published_at": "2021-07-20T19:25:24.032Z",
      "last_published_at": "2021-07-20T19:25:24.032Z",
      "latest_revision_created_at": "2021-07-20T19:25:23.687Z",
      "live_revision": 10,
      "alias_of": null
    }
  },
  {
    "model": "wagtailcore.page",
    "pk": 12,
    "fields": {
      "path": "0001000100030006",
      "depth": 4,
      "numchild": 0,
      "translation_key": "ceb7b576-0323-48ed-8b02-a5c59de506da",
      "locale": 1,
      "title": "Oil assume describe ability conference learn program evidence back magazine worry play window",
      "draft_title": "Oil assume describe ability conference learn program evidence back magazine worry play window",
      "slug": "oil-assume-describe-ability-conference-learn-program-evidence-back-magazine-worry-play-window",
      "content_type": ["blog", "articlepage"],
      "live": true,
      "has_unpublished_changes": false,
      "url_path": "/home/blog/oil-assume-describe-ability-conference-learn-program-evidence-back-magazine-worry-play-window/",
      "owner": ["{{ cookiecutter.wagtail_username }}"],
      "seo_title": "",
      "show_in_menus": false,
      "search_description": "",
      "go_live_at": null,
      "expire_at": null,
      "expired": false,
      "locked": false,
      "locked_at": null,
      "locked_by": null,
      "first_published_at": "2021-07-20T19:27:53.819Z",
      "last_published_at": "2021-07-20T19:27:53.819Z",
      "latest_revision_created_at": "2021-07-20T19:27:53.294Z",
      "live_revision": 11,
      "alias_of": null
    }
  },
  {
    "model": "wagtailcore.page",
    "pk": 13,
    "fields": {
      "path": "0001000100030007",
      "depth": 4,
      "numchild": 0,
      "translation_key": "a20cbe08-8289-4413-9445-3362e07ba46d",
      "locale": 1,
      "title": "Aute deserunt salami sunt pork loin officia pariatur andouille pork belly adipisicing non culpa",
      "draft_title": "Aute deserunt salami sunt pork loin officia pariatur andouille pork belly adipisicing non culpa",
      "slug": "aute-deserunt-salami-sunt-pork-loin-officia-pariatur-andouille-pork-belly-adipisicing-non-culpa",
      "content_type": ["blog", "articlepage"],
      "live": false,
      "has_unpublished_changes": true,
      "url_path": "/home/blog/aute-deserunt-salami-sunt-pork-loin-officia-pariatur-andouille-pork-belly-adipisicing-non-culpa/",
      "owner": ["{{ cookiecutter.wagtail_username }}"],
      "seo_title": "",
      "show_in_menus": false,
      "search_description": "",
      "go_live_at": null,
      "expire_at": null,
      "expired": false,
      "locked": false,
      "locked_at": null,
      "locked_by": null,
      "first_published_at": null,
      "last_published_at": null,
      "latest_revision_created_at": "2021-07-20T19:29:56.097Z",
      "live_revision": null,
      "alias_of": null
    }
  },
  {
    "model": "wagtailcore.pagerevision",
    "pk": 1,
    "fields": {
      "page": 3,
      "submitted_for_moderation": false,
      "created_at": "2021-07-20T18:21:43.190Z",
      "user": ["{{ cookiecutter.wagtail_username }}"],
      "content_json": "{\"pk\": 3, \"path\": \"00010001\", \"depth\": 2, \"numchild\": 0, \"translation_key\": \"42050017-9ab6-4171-8d89-b9173512ab1c\", \"locale\": 1, \"title\": \"Home\", \"draft_title\": \"Home\", \"slug\": \"home\", \"content_type\": 8, \"live\": true, \"has_unpublished_changes\": false, \"url_path\": \"/home/\", \"owner\": 1, \"seo_title\": \"\", \"show_in_menus\": false, \"search_description\": \"\", \"go_live_at\": null, \"expire_at\": null, \"expired\": false, \"locked\": false, \"locked_at\": null, \"locked_by\": null, \"first_published_at\": null, \"last_published_at\": null, \"latest_revision_created_at\": null, \"live_revision\": null, \"alias_of\": null, \"comments\": []}",
      "approved_go_live_at": null
    }
  },
  {
    "model": "wagtailcore.pagerevision",
    "pk": 2,
    "fields": {
      "page": 4,
      "submitted_for_moderation": false,
      "created_at": "2021-07-20T18:34:40.114Z",
      "user": ["{{ cookiecutter.wagtail_username }}"],
      "content_json": "{\"pk\": 4, \"path\": \"000100010001\", \"depth\": 3, \"numchild\": 0, \"translation_key\": \"a8aa7256-26b7-4535-91f9-f3eb54af83ac\", \"locale\": 1, \"title\": \"About\", \"draft_title\": \"About\", \"slug\": \"about\", \"content_type\": 7, \"live\": true, \"has_unpublished_changes\": false, \"url_path\": \"/home/about/\", \"owner\": 1, \"seo_title\": \"\", \"show_in_menus\": false, \"search_description\": \"\", \"go_live_at\": null, \"expire_at\": null, \"expired\": false, \"locked\": false, \"locked_at\": null, \"locked_by\": null, \"first_published_at\": null, \"last_published_at\": null, \"latest_revision_created_at\": null, \"live_revision\": null, \"alias_of\": null, \"comments\": []}",
      "approved_go_live_at": null
    }
  },
  {
    "model": "wagtailcore.pagerevision",
    "pk": 3,
    "fields": {
      "page": 5,
      "submitted_for_moderation": false,
      "created_at": "2021-07-20T18:37:42.877Z",
      "user": ["{{ cookiecutter.wagtail_username }}"],
      "content_json": "{\"pk\": 5, \"path\": \"000100010002\", \"depth\": 3, \"numchild\": 0, \"translation_key\": \"9e0836b1-f04f-4866-b029-293bd0007631\", \"locale\": 1, \"title\": \"Contact\", \"draft_title\": \"Contact\", \"slug\": \"contact\", \"content_type\": 12, \"live\": true, \"has_unpublished_changes\": false, \"url_path\": \"/home/contact/\", \"owner\": 1, \"seo_title\": \"\", \"show_in_menus\": false, \"search_description\": \"\", \"go_live_at\": null, \"expire_at\": null, \"expired\": false, \"locked\": false, \"locked_at\": null, \"locked_by\": null, \"first_published_at\": null, \"last_published_at\": null, \"latest_revision_created_at\": null, \"live_revision\": null, \"alias_of\": null, \"address\": \"8614 Leslie Field, New Paul, IL 60863\", \"comments\": [], \"phone_numbers\": [{\"pk\": 1, \"sort_order\": 0, \"phone_number\": \"+17247376091\", \"page\": 5}, {\"pk\": 2, \"sort_order\": 1, \"phone_number\": \"+18195393780\", \"page\": 5}], \"email_addresses\": [{\"pk\": 1, \"sort_order\": 0, \"email_address\": \"gguzman@lambert.info\", \"page\": 5}, {\"pk\": 2, \"sort_order\": 1, \"email_address\": \"singletonbarry@gmail.com\", \"page\": 5}]}",
      "approved_go_live_at": null
    }
  },
  {
    "model": "wagtailcore.pagerevision",
    "pk": 4,
    "fields": {
      "page": 6,
      "submitted_for_moderation": false,
      "created_at": "2021-07-20T18:39:24.626Z",
      "user": ["{{ cookiecutter.wagtail_username }}"],
      "content_json": "{\"pk\": 6, \"path\": \"000100010003\", \"depth\": 3, \"numchild\": 0, \"translation_key\": \"e4c665bd-660a-4633-b4d2-4d45b975fbc9\", \"locale\": 1, \"title\": \"Blog\", \"draft_title\": \"Blog\", \"slug\": \"blog\", \"content_type\": 9, \"live\": true, \"has_unpublished_changes\": false, \"url_path\": \"/home/blog/\", \"owner\": 1, \"seo_title\": \"\", \"show_in_menus\": false, \"search_description\": \"\", \"go_live_at\": null, \"expire_at\": null, \"expired\": false, \"locked\": false, \"locked_at\": null, \"locked_by\": null, \"first_published_at\": null, \"last_published_at\": null, \"latest_revision_created_at\": null, \"live_revision\": null, \"alias_of\": null, \"introduction\": \"Lorem ipsum is placeholder text commonly used in the graphic, print, and publishing industries for previewing layouts and visual mockups.\", \"comments\": []}",
      "approved_go_live_at": null
    }
  },
  {
    "model": "wagtailcore.pagerevision",
    "pk": 5,
    "fields": {
      "page": 7,
      "submitted_for_moderation": false,
      "created_at": "2021-07-20T18:45:31.900Z",
      "user": ["{{ cookiecutter.wagtail_username }}"],
      "content_json": "{\"pk\": 7, \"path\": \"0001000100030001\", \"depth\": 4, \"numchild\": 0, \"translation_key\": \"0bddff5c-c91e-4237-a308-0194c2474587\", \"locale\": 1, \"title\": \"The purpose of lorem ipsum\", \"draft_title\": \"The purpose of lorem ipsum\", \"slug\": \"the-purpose-of-lorem-ipsum\", \"content_type\": 10, \"live\": true, \"has_unpublished_changes\": false, \"url_path\": \"/home/blog/the-purpose-of-lorem-ipsum/\", \"owner\": 1, \"seo_title\": \"\", \"show_in_menus\": false, \"search_description\": \"\", \"go_live_at\": null, \"expire_at\": null, \"expired\": false, \"locked\": false, \"locked_at\": null, \"locked_by\": null, \"first_published_at\": null, \"last_published_at\": null, \"latest_revision_created_at\": null, \"live_revision\": null, \"alias_of\": null, \"summary\": \"Creation timelines for the standard lorem ipsum passage vary, with some citing the 15th century and others the 20th.\", \"cover_picture\": 1, \"content\": \"[{\\\"type\\\": \\\"paragraph_block\\\", \\\"value\\\": \\\"<p data-block-key=\\\\\\\"k6tav\\\\\\\"><i>Lorem ipsum</i>, or <i>lipsum</i> as it is sometimes known, is dummy text used in laying out print, graphic or web designs. The passage is attributed to an unknown typesetter in the 15th century who is thought to have scrambled parts of Cicero&#x27;s <i>De Finibus Bonorum et Malorum</i> for use in a type specimen book.</p>\\\", \\\"id\\\": \\\"7e4bb799-dd1e-4457-bae8-55c1a69d6f68\\\"}, {\\\"type\\\": \\\"embed_block\\\", \\\"value\\\": \\\"https://www.youtube.com/watch?v=R5agKyMFVzo\\\", \\\"id\\\": \\\"1bdf382a-2cd0-4ba5-86b6-dcb1dda6cc8b\\\"}, {\\\"type\\\": \\\"paragraph_block\\\", \\\"value\\\": \\\"<p data-block-key=\\\\\\\"k6tav\\\\\\\">Until recently, the prevailing view assumed <i>lorem ipsum</i> was born as a nonsense text. \\\\u201cIt&#x27;s not Latin, though it looks like it, and it actually says nothing,\\\\u201d <i>Before &amp; After</i> magazine <a href=\\\\\\\"https://www.straightdope.com/columns/read/2290/what-does-the-filler-text-lorem-ipsum-mean/\\\\\\\">answered a curious reader</a>, \\\\u201cIts \\\\u2018words\\\\u2019 loosely approximate the frequency with which letters occur in English, which is why at a glance it looks pretty real.\\\\u201d</p>\\\", \\\"id\\\": \\\"4c0efa55-9f1d-4d10-9f0c-a043ea57d147\\\"}, {\\\"type\\\": \\\"block_quote\\\", \\\"value\\\": {\\\"text\\\": \\\"Neque porro quisquam est, qui dolorem ipsum quia dolor sit amet, consectetur, adipisci velit, sed quia non numquam eius modi tempora incidunt ut labore et dolore magnam aliquam quaerat voluptatem.\\\", \\\"attribute_name\\\": \\\"Cicero\\\"}, \\\"id\\\": \\\"14de5461-f2a7-42b2-8a9f-1519462b5d00\\\"}, {\\\"type\\\": \\\"paragraph_block\\\", \\\"value\\\": \\\"<p data-block-key=\\\\\\\"k6tav\\\\\\\">McClintock&#x27;s eye for detail certainly helped narrow the whereabouts of <i>lorem ipsum&#x27;s</i> origin, however, the \\\\u201chow and when\\\\u201d still remain something of a mystery, with competing theories and timelines.</p>\\\", \\\"id\\\": \\\"fc39b3db-7c95-4894-b2e5-a13f4388dd05\\\"}]\", \"date_published\": \"2019-07-03\", \"author\": \"Staff Writer\", \"article_type\": \"Post\", \"external_url\": null, \"comments\": [], \"tagged_items\": []}",
      "approved_go_live_at": null
    }
  },
  {
    "model": "wagtailcore.pagerevision",
    "pk": 6,
    "fields": {
      "page": 7,
      "submitted_for_moderation": false,
      "created_at": "2021-07-20T18:46:52.914Z",
      "user": ["{{ cookiecutter.wagtail_username }}"],
      "content_json": "{\"pk\": 7, \"path\": \"0001000100030001\", \"depth\": 4, \"numchild\": 0, \"translation_key\": \"0bddff5c-c91e-4237-a308-0194c2474587\", \"locale\": 1, \"title\": \"The purpose of lorem ipsum\", \"draft_title\": \"The purpose of lorem ipsum\", \"slug\": \"the-purpose-of-lorem-ipsum\", \"content_type\": 10, \"live\": true, \"has_unpublished_changes\": false, \"url_path\": \"/home/blog/the-purpose-of-lorem-ipsum/\", \"owner\": 1, \"seo_title\": \"\", \"show_in_menus\": false, \"search_description\": \"\", \"go_live_at\": null, \"expire_at\": null, \"expired\": false, \"locked\": false, \"locked_at\": null, \"locked_by\": null, \"first_published_at\": \"2021-07-20T18:45:32.336Z\", \"last_published_at\": \"2021-07-20T18:45:32.336Z\", \"latest_revision_created_at\": \"2021-07-20T18:45:31.900Z\", \"live_revision\": 5, \"alias_of\": null, \"summary\": \"Creation timelines for the standard lorem ipsum passage vary, with some citing the 15th century and others the 20th.\", \"cover_picture\": 1, \"content\": \"[{\\\"type\\\": \\\"paragraph_block\\\", \\\"value\\\": \\\"<p data-block-key=\\\\\\\"k6tav\\\\\\\"><i>Lorem ipsum</i>, or <i>lipsum</i> as it is sometimes known, is dummy text used in laying out print, graphic or web designs. The passage is attributed to an unknown typesetter in the 15th century who is thought to have scrambled parts of Cicero&#x27;s <i>De Finibus Bonorum et Malorum</i> for use in a type specimen book.</p>\\\", \\\"id\\\": \\\"7e4bb799-dd1e-4457-bae8-55c1a69d6f68\\\"}, {\\\"type\\\": \\\"embed_block\\\", \\\"value\\\": \\\"https://www.youtube.com/watch?v=R5agKyMFVzo\\\", \\\"id\\\": \\\"1bdf382a-2cd0-4ba5-86b6-dcb1dda6cc8b\\\"}, {\\\"type\\\": \\\"paragraph_block\\\", \\\"value\\\": \\\"<p data-block-key=\\\\\\\"k6tav\\\\\\\">Until recently, the prevailing view assumed <i>lorem ipsum</i> was born as a nonsense text. \\\\u201cIt&#x27;s not Latin, though it looks like it, and it actually says nothing,\\\\u201d <i>Before &amp; After</i> magazine <a href=\\\\\\\"https://www.straightdope.com/columns/read/2290/what-does-the-filler-text-lorem-ipsum-mean/\\\\\\\">answered a curious reader</a>, \\\\u201cIts \\\\u2018words\\\\u2019 loosely approximate the frequency with which letters occur in English, which is why at a glance it looks pretty real.\\\\u201d</p>\\\", \\\"id\\\": \\\"4c0efa55-9f1d-4d10-9f0c-a043ea57d147\\\"}, {\\\"type\\\": \\\"block_quote\\\", \\\"value\\\": {\\\"text\\\": \\\"Neque porro quisquam est, qui dolorem ipsum quia dolor sit amet, consectetur, adipisci velit, sed quia non numquam eius modi tempora incidunt ut labore et dolore magnam aliquam quaerat voluptatem.\\\", \\\"attribute_name\\\": \\\"Cicero\\\"}, \\\"id\\\": \\\"14de5461-f2a7-42b2-8a9f-1519462b5d00\\\"}, {\\\"type\\\": \\\"paragraph_block\\\", \\\"value\\\": \\\"<p data-block-key=\\\\\\\"k6tav\\\\\\\">McClintock&#x27;s eye for detail certainly helped narrow the whereabouts of <i>lorem ipsum&#x27;s</i> origin, however, the \\\\u201chow and when\\\\u201d still remain something of a mystery, with competing theories and timelines.</p>\\\", \\\"id\\\": \\\"fc39b3db-7c95-4894-b2e5-a13f4388dd05\\\"}]\", \"date_published\": \"2019-07-03\", \"author\": \"Staff Writer\", \"article_type\": \"Post\", \"external_url\": null, \"comments\": [], \"tagged_items\": [{\"pk\": null, \"tag\": 1, \"content_object\": 7}]}",
      "approved_go_live_at": null
    }
  },
  {
    "model": "wagtailcore.pagerevision",
    "pk": 7,
    "fields": {
      "page": 8,
      "submitted_for_moderation": false,
      "created_at": "2021-07-20T19:09:41.267Z",
      "user": ["{{ cookiecutter.wagtail_username }}"],
      "content_json": "{\"pk\": 8, \"path\": \"0001000100030002\", \"depth\": 4, \"numchild\": 0, \"translation_key\": \"c3c10e9a-9742-4c2b-ab7a-05bc97872c8c\", \"locale\": 1, \"title\": \"Sheets of lettering can now be rubbed on anywhere\", \"draft_title\": \"Sheets of lettering can now be rubbed on anywhere\", \"slug\": \"sheets-of-lettering-can-now-be-rubbed-on-anywhere\", \"content_type\": 10, \"live\": true, \"has_unpublished_changes\": false, \"url_path\": \"/home/blog/sheets-of-lettering-can-now-be-rubbed-on-anywhere/\", \"owner\": 1, \"seo_title\": \"\", \"show_in_menus\": false, \"search_description\": \"\", \"go_live_at\": null, \"expire_at\": null, \"expired\": false, \"locked\": false, \"locked_at\": null, \"locked_by\": null, \"first_published_at\": null, \"last_published_at\": null, \"latest_revision_created_at\": null, \"live_revision\": null, \"alias_of\": null, \"summary\": \"The strength of lorem ipsum is its weakness: it doesn't communicate. To some, designing a website around placeholder text is unacceptable, akin to sewing a custom suit without taking measurements.\", \"cover_picture\": 6, \"content\": \"[{\\\"type\\\": \\\"paragraph_block\\\", \\\"value\\\": \\\"<p data-block-key=\\\\\\\"fx3s3\\\\\\\">Please be advised that we can now so ubiquitous because it is so versatile. Select how many paragraphs you want, copy, paste, and break the lines wherever it is convenient. Real copy doesn&#x27;t work that way. Lot must month summer discussion. Must report cost history often lead, money commercial detail mother physical dark force beat. Answer yes total her. Design manage conference arm public character. News oil it between. Statement back sit weight him. Alone manager can add of require. Number add create air group play than.</p><ul><li data-block-key=\\\\\\\"dergh\\\\\\\">Include I word employee girl modern rise maintain. Tough view stay tree</li><li data-block-key=\\\\\\\"9mcl1\\\\\\\">Perhaps newspaper particularly activity provide interview campaign. Walk market media cell include style I. Pattern value letter enter fish</li><li data-block-key=\\\\\\\"d9r03\\\\\\\">Matter evidence thousand half happy of. Rate figure perhaps.</li></ul>\\\", \\\"id\\\": \\\"92554261-18a5-4c47-acc2-414202d07ecb\\\"}, {\\\"type\\\": \\\"table\\\", \\\"value\\\": {\\\"data\\\": [[\\\"interest spring\\\", \\\"player speech hair\\\", \\\"Increase might natural\\\"], [\\\"Protect often voice\\\", \\\"Act hotel nothing\\\", \\\"Event join half\\\"], [\\\"two state message\\\", \\\"you office key staff\\\", \\\"trial already red\\\"], [\\\"Head day one\\\", \\\"not so fast\\\", \\\"well, what do you know?\\\"], [\\\"here is some text\\\", \\\"hello there\\\", \\\"looks pretty, right?\\\"]], \\\"cell\\\": [], \\\"first_row_is_table_header\\\": true, \\\"first_col_is_header\\\": false, \\\"table_caption\\\": \\\"Five their wonder beyond front\\\"}, \\\"id\\\": \\\"7a7066e4-00d1-4a9d-b602-46a2a6a62d63\\\"}, {\\\"type\\\": \\\"paragraph_block\\\", \\\"value\\\": \\\"<p data-block-key=\\\\\\\"fx3s3\\\\\\\">And that\\\\u2019s why a 15th century typesetter might have scrambled a passage of Cicero; he wanted people to focus on his fonts, to imagine their own content on the pages. He wanted people to see, and to get them to see he had to keep them from reading.</p><p data-block-key=\\\\\\\"1cor2\\\\\\\">So when is it okay to use <i>lorem ipsum</i>? First, <i>lorem ipsum</i> works well for staging. It&#x27;s like the props in a furniture store\\\\u2014filler text makes it look like someone is home. The same Wordpress template might eventually be home to a fitness blog, a photography website, or the online journal of a cupcake fanatic. <i>Lorem ipsum</i> helps them imagine what the lived-in website might look like.</p>\\\", \\\"id\\\": \\\"ac55e8ce-658c-461e-b9da-66983ac61201\\\"}]\", \"date_published\": \"2021-04-29\", \"author\": \"Brent Johnson\", \"article_type\": \"Info\", \"external_url\": null, \"comments\": [], \"tagged_items\": []}",
      "approved_go_live_at": null
    }
  },
  {
    "model": "wagtailcore.pagerevision",
    "pk": 8,
    "fields": {
      "page": 9,
      "submitted_for_moderation": false,
      "created_at": "2021-07-20T19:14:52.048Z",
      "user": ["{{ cookiecutter.wagtail_username }}"],
      "content_json": "{\"pk\": 9, \"path\": \"0001000100030003\", \"depth\": 4, \"numchild\": 0, \"translation_key\": \"5ff0af49-12fb-43f0-8e3f-ae509a856685\", \"locale\": 1, \"title\": \"Fill minute sell my worry hour set\", \"draft_title\": \"Fill minute sell my worry hour set\", \"slug\": \"fill-minute-sell-my-worry-hour-set\", \"content_type\": 10, \"live\": true, \"has_unpublished_changes\": false, \"url_path\": \"/home/blog/fill-minute-sell-my-worry-hour-set/\", \"owner\": 1, \"seo_title\": \"\", \"show_in_menus\": false, \"search_description\": \"\", \"go_live_at\": null, \"expire_at\": null, \"expired\": false, \"locked\": false, \"locked_at\": null, \"locked_by\": null, \"first_published_at\": null, \"last_published_at\": null, \"latest_revision_created_at\": null, \"live_revision\": null, \"alias_of\": null, \"summary\": \"Use lorem ipsum if you think the placeholder text will be too distracting. For specific projects, collaboration between copywriters and designers may be best, however, like Karen McGrane said, draft copy has a way of turning any meeting about layout decisions into a discussion about word choice. So don't be afraid to use lorem ipsum to keep everyone focused.\", \"cover_picture\": 7, \"content\": \"[{\\\"type\\\": \\\"paragraph_block\\\", \\\"value\\\": \\\"<p data-block-key=\\\\\\\"4rrjf\\\\\\\">One word of caution: make sure your client knows that <i>lorem ipsum</i> is filler text. You don&#x27;t want them wondering why you filled their website with a foreign language, and you certainly don&#x27;t want anyone prematurely publishing it. There was <a href=\\\\\\\"http://designenvy.aiga.org/the-chipotle-lorem-ipsum-bag/\\\\\\\">that time</a> artists at Sequence opted to hand-Sharpie the <i>lorem ipsum</i> passage on a line of paper bags they designed for Chipotle\\\\u2014the result being a mixture of avant-garde, inside joke, and Sharpie-stained tables. Those with an eye for detail may have caught a tribute to the classic text in an episode of <a href=\\\\\\\"http://www.amc.com/shows/mad-men\\\\\\\">Mad Men</a> (S6E1 around 1:18:55 for anyone that didn&#x27;t). And here is a <i>lorem ipsum</i> <a href=\\\\\\\"http://littlerunningbear.com/465/lorem-ipsum-for-ever/\\\\\\\">tattoo</a>.</p>\\\", \\\"id\\\": \\\"965dd1a6-bb52-475a-9752-eb0efa3ec0aa\\\"}, {\\\"type\\\": \\\"embed_block\\\", \\\"value\\\": \\\"https://twitter.com/bencodezen/status/1417496648658399239\\\", \\\"id\\\": \\\"1e705ae7-b746-4e63-aeac-514ba6f5793d\\\"}, {\\\"type\\\": \\\"heading_block\\\", \\\"value\\\": {\\\"heading_text\\\": \\\"Campaign though recognize area\\\", \\\"size\\\": \\\"h3\\\"}, \\\"id\\\": \\\"8f076d27-d12d-419e-98fb-b90dd211d404\\\"}, {\\\"type\\\": \\\"paragraph_block\\\", \\\"value\\\": \\\"<p data-block-key=\\\\\\\"4rrjf\\\\\\\">So when is it okay to use <i>lorem ipsum</i>? First, <i>lorem ipsum</i> works well for staging. It&#x27;s like the props in a furniture store\\\\u2014filler text makes it look like someone is home. The same Wordpress template might eventually be home to a fitness blog, a photography website, or the online journal of a cupcake fanatic. <i>Lorem ipsum</i> helps them imagine what the lived-in website might look like.</p><p data-block-key=\\\\\\\"4br0c\\\\\\\">Second, use <i>lorem ipsum</i> if you think the placeholder text will be too distracting. For specific projects, collaboration between copywriters and designers may be best, however, like Karen McGrane said, draft copy has a way of turning any meeting about layout decisions into a discussion about word choice. So don&#x27;t be afraid to use <i>lorem ipsum</i> to keep everyone focused.</p><p data-block-key=\\\\\\\"3uamd\\\\\\\">One word of caution: make sure your client knows that <i>lorem ipsum</i> is filler text. You don&#x27;t want them wondering why you filled their website with a foreign language, and you certainly don&#x27;t want anyone prematurely publishing it.</p>\\\", \\\"id\\\": \\\"8d94025c-4a66-466e-aeeb-dcf4d475f2ad\\\"}, {\\\"type\\\": \\\"heading_block\\\", \\\"value\\\": {\\\"heading_text\\\": \\\"Style prevent establish those myself stuff\\\", \\\"size\\\": \\\"h3\\\"}, \\\"id\\\": \\\"18445257-6d0b-4fdb-8dec-57529c821cb6\\\"}, {\\\"type\\\": \\\"paragraph_block\\\", \\\"value\\\": \\\"<p data-block-key=\\\\\\\"4rrjf\\\\\\\">Among design professionals, there&#x27;s a bit of controversy surrounding the filler text. Controversy, as in <a href=\\\\\\\"https://www.lukew.com/ff/entry.asp?927\\\\\\\">Death to Lorem Ipsum</a>.</p><p data-block-key=\\\\\\\"cvb72\\\\\\\">The strength of <i>lorem ipsum</i> is its weakness: it doesn&#x27;t communicate. To some, designing a website around placeholder text is unacceptable, akin to sewing a custom suit without taking measurements. <a href=\\\\\\\"http://adaptivepath.org/ideas/death-to-lorem-ipsum-other-adventures-in-content/\\\\\\\">Kristina Halvorson</a> notes:</p>\\\", \\\"id\\\": \\\"27fe6ad2-a208-48de-9d32-556875ed5ea8\\\"}, {\\\"type\\\": \\\"block_quote\\\", \\\"value\\\": {\\\"text\\\": \\\"I\\\\u2019ve heard the argument that \\\\u201clorem ipsum\\\\u201d is effective in wireframing or design because it helps people focus on the actual layout, or color scheme, or whatever. What kills me here is that we\\\\u2019re talking about creating a user experience that will (whether we like it or not) be DRIVEN by words. The entire structure of the page or app flow is FOR THE WORDS.\\\", \\\"attribute_name\\\": \\\"\\\"}, \\\"id\\\": \\\"1b4f451b-b007-4ed4-8c5d-794fae533c78\\\"}, {\\\"type\\\": \\\"paragraph_block\\\", \\\"value\\\": \\\"<p data-block-key=\\\\\\\"4rrjf\\\\\\\"><i>Lorem ipsum</i> is so ubiquitous because it is so versatile. Select how many paragraphs you want, copy, paste, and break the lines wherever it is convenient. Real copy doesn&#x27;t work that way.</p><p data-block-key=\\\\\\\"cg445\\\\\\\"></p>\\\", \\\"id\\\": \\\"0988ba99-fe97-48ff-a769-a11aed2b7042\\\"}]\", \"date_published\": \"2021-04-02\", \"author\": \"Staff Writer\", \"article_type\": \"Post\", \"external_url\": null, \"comments\": [], \"tagged_items\": [{\"pk\": 2, \"tag\": 2, \"content_object\": 9}]}",
      "approved_go_live_at": null
    }
  },
  {
    "model": "wagtailcore.pagerevision",
    "pk": 9,
    "fields": {
      "page": 10,
      "submitted_for_moderation": false,
      "created_at": "2021-07-20T19:20:34.391Z",
      "user": ["{{ cookiecutter.wagtail_username }}"],
      "content_json": "{\"pk\": 10, \"path\": \"0001000100030004\", \"depth\": 4, \"numchild\": 0, \"translation_key\": \"1ddc8b18-febf-4a9c-8618-d2b831613d19\", \"locale\": 1, \"title\": \"For those times when you need some legal-sounding gibberish\", \"draft_title\": \"For those times when you need some legal-sounding gibberish\", \"slug\": \"for-those-times-when-you-need-some-legal-sounding-gibberish\", \"content_type\": 10, \"live\": true, \"has_unpublished_changes\": false, \"url_path\": \"/home/blog/for-those-times-when-you-need-some-legal-sounding-gibberish/\", \"owner\": 1, \"seo_title\": \"\", \"show_in_menus\": false, \"search_description\": \"\", \"go_live_at\": null, \"expire_at\": null, \"expired\": false, \"locked\": false, \"locked_at\": null, \"locked_by\": null, \"first_published_at\": null, \"last_published_at\": null, \"latest_revision_created_at\": null, \"live_revision\": null, \"alias_of\": null, \"summary\": \"You must make sure that you have co-authored with others, you can justify on the Derived Program, such Derived Program under their own license agreement, provided that: it complies with the provisions set forth in this license\", \"cover_picture\": 8, \"content\": \"[{\\\"type\\\": \\\"paragraph_block\\\", \\\"value\\\": \\\"<p data-block-key=\\\\\\\"k59vb\\\\\\\"><b>Public Domain or from the Work, provide any other entity. Each Contributor represents that to its Contributions set forth in this license document the following conditions are met.</b></p><hr/><p data-block-key=\\\\\\\"bek2n\\\\\\\">I&#x27;m baby 3 wolf moon roof party taiyaki, swag seitan YOLO selvage literally hell of iPhone lo-fi plaid. Seitan lyft helvetica sustainable. Leggings post-ironic selvage gastropub hoodie. Mixtape listicle williamsburg unicorn, 90&#x27;s stumptown pop-up. Health goth williamsburg echo park, la croix franzen lomo cred blog whatever cray tumblr cardigan tilde vaporware.</p><p data-block-key=\\\\\\\"c07vv\\\\\\\">Heirloom venmo chillwave man braid flannel. Tattooed cornhole four loko, jianbing meditation mlkshk fingerstache normcore skateboard lumbersexual banjo tbh man bun roof party kogi. Jean shorts williamsburg 90&#x27;s, helvetica viral portland listicle keffiyeh coloring book austin single-origin coffee. Bitters selfies trust fund, poutine bespoke aesthetic marfa. Hella beard portland, VHS selfies vinyl hammock gastropub tacos bicycle rights palo santo af tousled health goth.</p><p data-block-key=\\\\\\\"erlhk\\\\\\\">Cloud bread tumblr succulents plaid gastropub jianbing craft beer, flexitarian tilde fingerstache deep v neutra. Kogi fam knausgaard palo santo af ramps. Church-key neutra tbh pitchfork cred. Small batch selvage authentic tote bag celiac la croix copper mug tacos. Ethical 90&#x27;s blue bottle keytar slow-carb cred distillery pabst yr crucifix godard shoreditch cray offal. Plaid letterpress food truck trust fund live-edge twee mumblecore cloud bread wayfarers.</p><p data-block-key=\\\\\\\"3aanu\\\\\\\">Tilde microdosing waistcoat, tbh blog ramps drinking vinegar wayfarers locavore seitan gastropub flexitarian. Kinfolk master cleanse fashion axe cornhole letterpress. Hexagon messenger bag four loko pabst vegan fashion axe beard flexitarian. PBR&amp;B bespoke man bun blog chicharrones. Tofu venmo fixie freegan, skateboard blue bottle neutra meh. Flexitarian shaman knausgaard, meggings offal farm-to-table dreamcatcher subway tile. Ramps occupy salvia humblebrag direct trade narwhal cliche yuccie bitters edison bulb.</p><p data-block-key=\\\\\\\"6me7a\\\\\\\">While redistributing the Work by You to distribute corresponding source code. Distribution Mechanism&quot; means a Recipient that distributes the Program. CC-BY-SA license If you create or to which You create or to build stand-alone binary or bytecode versions of your distribution.</p><p data-block-key=\\\\\\\"6i7qf\\\\\\\">Tacos pork belly ugh synth slow-carb fanny pack meh try-hard health goth butcher poke lumbersexual. You probably haven&#x27;t heard of them crucifix chambray stumptown, activated charcoal next level leggings franzen asymmetrical. Tacos enamel pin photo booth, +1 blog heirloom hashtag. Narwhal adaptogen tacos hot chicken jianbing. Jianbing keytar 90&#x27;s, ennui hexagon VHS before they sold out gentrify pop-up pour-over church-key thundercats waistcoat artisan vegan.</p><p data-block-key=\\\\\\\"2h578\\\\\\\">Avoid adding text. This licence is apt for any kind of work (such as by license or b) a copy of the Contribution of such damages. Accepting Warranty or Additional Liability.</p><p data-block-key=\\\\\\\"dl4tm\\\\\\\">If these instructions, at any time while you are carrying out such distribution, become invalid, you must include a copy of this License shall be governed by this License; they are embedded, and shall take other steps (such as by license or settlement) prior to termination shall survive any termination of this definition, &quot;control&quot;../ means (a) the power, direct or indirect, to cause the modified work as &quot;Original Code&quot; means the Package, do not, by themselves, cause the modified files to carry prominent notices stating that you duplicate all of the Standard Version of this License any code that you provide a difference file from the redistributions of source code <b>control systems</b>, and issue tracking systems that are reasonably necessary to enable recipients of the Free Software Foundation, Inc., 59 Temple Place, Suite 330, Boston, MA 02111-1307 USA Also add information on how and where You describe recipients&#x27; rights relating to the text you hold the copyright notice appears in all respects by the terms of Sections 1 through 9 of this Agreement , including but not limited to delivery of content, through electronic communication with a client other than IBM has the sole purpose of this Agreement must be sufficiently detailed for a recipient will know whom to contact. If you are also required to justify it to be able to understand it.</p>\\\", \\\"id\\\": \\\"a1db87c7-2c9f-497a-bc6e-7887ed397d25\\\"}]\", \"date_published\": \"2021-04-15\", \"author\": \"Julia Robinson\", \"article_type\": \"Shout\", \"external_url\": null, \"comments\": [], \"tagged_items\": []}",
      "approved_go_live_at": null
    }
  },
  {
    "model": "wagtailcore.pagerevision",
    "pk": 10,
    "fields": {
      "page": 11,
      "submitted_for_moderation": false,
      "created_at": "2021-07-20T19:25:23.687Z",
      "user": ["{{ cookiecutter.wagtail_username }}"],
      "content_json": "{\"pk\": 11, \"path\": \"0001000100030005\", \"depth\": 4, \"numchild\": 0, \"translation_key\": \"cc675c08-998c-44c2-b820-7053110b5090\", \"locale\": 1, \"title\": \"Course play good send dream seem early poor situation great employee\", \"draft_title\": \"Course play good send dream seem early poor situation great employee\", \"slug\": \"course-play-good-send-dream-seem-early-poor-situation-great-employee\", \"content_type\": 10, \"live\": true, \"has_unpublished_changes\": false, \"url_path\": \"/home/blog/course-play-good-send-dream-seem-early-poor-situation-great-employee/\", \"owner\": 1, \"seo_title\": \"\", \"show_in_menus\": false, \"search_description\": \"\", \"go_live_at\": null, \"expire_at\": null, \"expired\": false, \"locked\": false, \"locked_at\": null, \"locked_by\": null, \"first_published_at\": null, \"last_published_at\": null, \"latest_revision_created_at\": null, \"live_revision\": null, \"alias_of\": null, \"summary\": \"Bacon ipsum dolor amet ham hock burgdoggen brisket short loin. Frankfurter andouille beef ribs sausage rump. Brisket bresaola alcatra turkey, jowl shank landjaeger beef ribs pancetta leberkas. Porchetta andouille picanha tenderloin, spare ribs shoulder filet mignon alcatra pork buffalo ham meatloaf fatback rump. Cow cupim prosciutto meatball sausage turducken strip steak kielbasa pork chop, andouille bacon. Shank burgdoggen beef capicola short loin, ground round shoulder pork loin turducken meatball pancetta bresaola.\", \"cover_picture\": 9, \"content\": \"[{\\\"type\\\": \\\"paragraph_block\\\", \\\"value\\\": \\\"<p data-block-key=\\\\\\\"lcyhu\\\\\\\">Ball tip prosciutto leberkas venison, boudin chislic cupim meatloaf frankfurter. Tri-tip filet mignon beef ribs, kevin salami tenderloin pastrami beef. Chuck short ribs pork loin, ham hock boudin beef landjaeger tongue pancetta tri-tip. Picanha ham rump, pig fatback bresaola burgdoggen andouille. Spare ribs burgdoggen landjaeger, shankle corned beef t-bone jowl swine shank turducken ham hock meatball.</p><p data-block-key=\\\\\\\"8tu06\\\\\\\">Beef tail cupim, swine sausage jowl frankfurter brisket boudin salami alcatra. Corned beef tri-tip pork belly brisket, biltong boudin sausage porchetta chislic picanha ground round. Salami pancetta porchetta, venison swine shank ground round buffalo jowl pastrami beef tenderloin sirloin meatball. Turkey turducken ground round, cupim biltong jerky jowl kielbasa.</p>\\\", \\\"id\\\": \\\"720a8d4c-0937-437e-8108-509c5ff84af1\\\"}, {\\\"type\\\": \\\"embed_block\\\", \\\"value\\\": \\\"https://www.youtube.com/watch?v=99yqAi7YPUI\\\", \\\"id\\\": \\\"077c3ab2-ab16-4852-b4b0-74ca4561e594\\\"}, {\\\"type\\\": \\\"paragraph_block\\\", \\\"value\\\": \\\"<p data-block-key=\\\\\\\"lcyhu\\\\\\\">Biltong beef flank, fatback chuck chislic filet mignon pancetta ribeye tenderloin cupim tongue shank rump. Spare ribs jerky beef, chicken t-bone sausage shank turducken ball tip tenderloin. Shoulder boudin pork chop andouille sausage fatback jerky picanha. Boudin cupim tail cow ball tip filet mignon ham hock flank brisket tenderloin short ribs ribeye tri-tip ground round.</p><p data-block-key=\\\\\\\"evd5h\\\\\\\">Capicola biltong kielbasa picanha ham hock chicken doner ham ribeye. Burgdoggen frankfurter sirloin, pancetta tail fatback pork meatball shankle pork belly ham beef jowl sausage. Venison frankfurter bresaola shoulder pork loin porchetta. Cow meatloaf ham venison. Frankfurter beef brisket, tail filet mignon flank pork loin tenderloin andouille short ribs jerky.</p>\\\", \\\"id\\\": \\\"54fa54dc-43c4-4cc5-a6d6-a3cebca5603f\\\"}, {\\\"type\\\": \\\"embed_block\\\", \\\"value\\\": \\\"https://twitter.com/ChloeCondon/status/1417504502765166594\\\", \\\"id\\\": \\\"3ac06176-127e-4e53-8c55-a64ddcd65eaa\\\"}, {\\\"type\\\": \\\"paragraph_block\\\", \\\"value\\\": \\\"<p data-block-key=\\\\\\\"lcyhu\\\\\\\">Spicy jalapeno bacon ipsum dolor amet porchetta ea laboris, picanha in enim mollit ut ullamco spare ribs bacon sed labore. Laboris alcatra aliquip fatback, esse reprehenderit pancetta hamburger ut consectetur eiusmod. Sint deserunt biltong, pig dolor quis ex non ground round.</p><ol><li data-block-key=\\\\\\\"b59oh\\\\\\\">Chuck ut salami do est pastrami chicken aute fugiat venison consectetur officia t-bone pork belly.</li><li data-block-key=\\\\\\\"c91er\\\\\\\">Kielbasa anim officia, laborum dolore exercitation et pork chop jowl chislic incididunt swine bresaola pig doner.</li><li data-block-key=\\\\\\\"9okbf\\\\\\\">Dolor magna lorem, drumstick duis capicola consequat flank eu ut.</li><li data-block-key=\\\\\\\"bgi3t\\\\\\\">Turkey picanha prosciutto, anim boudin brisket magna short loin excepteur nostrud pastrami ex pariatur tongue et.</li></ol><p data-block-key=\\\\\\\"8k7uo\\\\\\\">Bresaola lorem pig, t-bone jowl flank ipsum laboris. Non do jowl picanha nisi boudin sausage beef nostrud doner. Excepteur cow meatloaf in, jerky alcatra kielbasa aute pork quis ad beef enim. Landjaeger magna chislic, jowl ut ball tip nulla excepteur ex in venison. Landjaeger magna cillum chislic in consectetur. Shank velit shankle meatloaf quis magna.</p>\\\", \\\"id\\\": \\\"6c95ac73-0959-4996-9c2a-7d5851b9e13c\\\"}]\", \"date_published\": \"2021-05-06\", \"author\": \"Kelsey Barrett\", \"article_type\": \"Misc\", \"external_url\": null, \"comments\": [], \"tagged_items\": [{\"pk\": 3, \"tag\": 1, \"content_object\": 11}]}",
      "approved_go_live_at": null
    }
  },
  {
    "model": "wagtailcore.pagerevision",
    "pk": 11,
    "fields": {
      "page": 12,
      "submitted_for_moderation": false,
      "created_at": "2021-07-20T19:27:53.294Z",
      "user": ["{{ cookiecutter.wagtail_username }}"],
      "content_json": "{\"pk\": 12, \"path\": \"0001000100030006\", \"depth\": 4, \"numchild\": 0, \"translation_key\": \"ceb7b576-0323-48ed-8b02-a5c59de506da\", \"locale\": 1, \"title\": \"Oil assume describe ability conference learn program evidence back magazine worry play window\", \"draft_title\": \"Oil assume describe ability conference learn program evidence back magazine worry play window\", \"slug\": \"oil-assume-describe-ability-conference-learn-program-evidence-back-magazine-worry-play-window\", \"content_type\": 10, \"live\": true, \"has_unpublished_changes\": false, \"url_path\": \"/home/blog/oil-assume-describe-ability-conference-learn-program-evidence-back-magazine-worry-play-window/\", \"owner\": 1, \"seo_title\": \"\", \"show_in_menus\": false, \"search_description\": \"\", \"go_live_at\": null, \"expire_at\": null, \"expired\": false, \"locked\": false, \"locked_at\": null, \"locked_by\": null, \"first_published_at\": null, \"last_published_at\": null, \"latest_revision_created_at\": null, \"live_revision\": null, \"alias_of\": null, \"summary\": \"Every year or so, I revisit the current best practices for Python packaging. I.e. the way you\\u2019re supposed to distribute your Python packages. The main source is packaging.python.org where the official packaging guidelines are. It is worth noting that the way you\\u2019re supposed to package your Python applications is not defined by Python or its maintainers, but rather delegated to a separate entity, the Python Packaging Authority (PyPA).\", \"cover_picture\": 10, \"content\": \"[]\", \"date_published\": \"2021-06-26\", \"author\": \"Bastian Venthur\", \"article_type\": \"URL\", \"external_url\": \"https://venthur.de/2021-06-26-python-packaging.html\", \"comments\": [], \"tagged_items\": []}",
      "approved_go_live_at": null
    }
  },
  {
    "model": "wagtailcore.pagerevision",
    "pk": 12,
    "fields": {
      "page": 13,
      "submitted_for_moderation": false,
      "created_at": "2021-07-20T19:29:56.097Z",
      "user": ["{{ cookiecutter.wagtail_username }}"],
      "content_json": "{\"pk\": 13, \"path\": \"0001000100030007\", \"depth\": 4, \"numchild\": 0, \"translation_key\": \"a20cbe08-8289-4413-9445-3362e07ba46d\", \"locale\": 1, \"title\": \"Aute deserunt salami sunt pork loin officia pariatur andouille pork belly adipisicing non culpa\", \"draft_title\": \"Aute deserunt salami sunt pork loin officia pariatur andouille pork belly adipisicing non culpa\", \"slug\": \"aute-deserunt-salami-sunt-pork-loin-officia-pariatur-andouille-pork-belly-adipisicing-non-culpa\", \"content_type\": 10, \"live\": false, \"has_unpublished_changes\": false, \"url_path\": \"/home/blog/aute-deserunt-salami-sunt-pork-loin-officia-pariatur-andouille-pork-belly-adipisicing-non-culpa/\", \"owner\": 1, \"seo_title\": \"\", \"show_in_menus\": false, \"search_description\": \"\", \"go_live_at\": null, \"expire_at\": null, \"expired\": false, \"locked\": false, \"locked_at\": null, \"locked_by\": null, \"first_published_at\": null, \"last_published_at\": null, \"latest_revision_created_at\": null, \"live_revision\": null, \"alias_of\": null, \"summary\": \"Meatball meatloaf ex lorem elit officia landjaeger hamburger. Porchetta andouille veniam, ham pancetta chislic ut elit. In proident ea rump kielbasa chuck sirloin pork belly ground round nisi bresaola venison pancetta short ribs sausage. Duis ground round eiusmod nulla labore, brisket veniam jowl jerky beef occaecat. Jerky leberkas tenderloin kielbasa, aliquip burgdoggen ut in.\", \"cover_picture\": 11, \"content\": \"[{\\\"type\\\": \\\"paragraph_block\\\", \\\"value\\\": \\\"<p data-block-key=\\\\\\\"4jq07\\\\\\\">Aute cupidatat enim do tongue excepteur beef ribs doner, tail corned beef nulla lorem pancetta. Tail turkey venison anim, commodo consectetur aliqua in short loin exercitation officia. Laborum commodo drumstick pancetta cillum. Fatback pastrami velit culpa shoulder quis non pork loin ipsum tempor pork aute.</p><p data-block-key=\\\\\\\"2hjr3\\\\\\\">The purpose of <i>lorem ipsum</i> is to create a natural looking block of text (sentence, paragraph, page, etc.) that doesn&#x27;t distract from the layout. A practice not without <a href=\\\\\\\"https://loremipsum.io/#controversy\\\\\\\">controversy</a>, laying out pages with meaningless filler text can be very useful when the focus is meant to be on design, not content.</p><p data-block-key=\\\\\\\"fda1j\\\\\\\">The passage experienced a surge in popularity during the 1960s when Letraset used it on their dry-transfer sheets, and again during the 90s as desktop publishers bundled the text with their software. Today it&#x27;s seen all around the web; on templates, websites, and stock designs. Use our <a href=\\\\\\\"https://loremipsum.io/#generator\\\\\\\">generator</a> to get your own, or read on for the authoritative history of <i>lorem ipsum</i>.</p>\\\", \\\"id\\\": \\\"203907c7-f418-431e-844a-404b8d0d9da5\\\"}]\", \"date_published\": \"2021-05-27\", \"author\": \"Staff Writer\", \"article_type\": \"Post\", \"external_url\": null, \"comments\": [], \"tagged_items\": []}",
      "approved_go_live_at": null
    }
  },
  {
    "model": "wagtailcore.collection",
    "pk": 1,
    "fields": {
      "path": "0001",
      "depth": 1,
      "numchild": 0,
      "name": "Root"
    }
  },
  {
    "model": "wagtailcore.workflowpage",
    "pk": 1,
    "fields": {
      "workflow": 1
    }
  },
  {
    "model": "wagtailcore.workflowtask",
    "pk": 1,
    "fields": {
      "sort_order": 0,
      "workflow": 1,
      "task": 1
    }
  },
  {
    "model": "wagtailcore.task",
    "pk": 1,
    "fields": {
      "name": "Moderators approval",
      "content_type": ["wagtailcore", "groupapprovaltask"],
      "active": true
    }
  },
  {
    "model": "wagtailcore.workflow",
    "pk": 1,
    "fields": {
      "name": "Moderators approval",
      "active": true
    }
  },
  {
    "model": "wagtailcore.groupapprovaltask",
    "pk": 1,
    "fields": {
      "groups": [["Moderators"]]
    }
  },
  {
    "model": "wagtailcore.pagelogentry",
    "pk": 1,
    "fields": {
      "content_type": ["wagtailcore", "page"],
      "label": "Welcome to your new Wagtail site!",
      "action": "wagtail.delete",
      "data_json": "\"\"",
      "timestamp": "2021-07-20T18:09:31.977Z",
      "user": null,
      "content_changed": false,
      "deleted": true,
      "page": 2,
      "revision": null
    }
  },
  {
    "model": "wagtailcore.pagelogentry",
    "pk": 2,
    "fields": {
      "content_type": ["home", "homepage"],
      "label": "Home",
      "action": "wagtail.create",
      "data_json": "\"\"",
      "timestamp": "2021-07-20T18:21:42.962Z",
      "user": ["{{ cookiecutter.wagtail_username }}"],
      "content_changed": true,
      "deleted": false,
      "page": 3,
      "revision": null
    }
  },
  {
    "model": "wagtailcore.pagelogentry",
    "pk": 3,
    "fields": {
      "content_type": ["home", "homepage"],
      "label": "Home",
      "action": "wagtail.publish",
      "data_json": "null",
      "timestamp": "2021-07-20T18:21:44.182Z",
      "user": ["{{ cookiecutter.wagtail_username }}"],
      "content_changed": true,
      "deleted": false,
      "page": 3,
      "revision": 1
    }
  },
  {
    "model": "wagtailcore.pagelogentry",
    "pk": 4,
    "fields": {
      "content_type": ["home", "aboutpage"],
      "label": "About",
      "action": "wagtail.create",
      "data_json": "\"\"",
      "timestamp": "2021-07-20T18:34:39.851Z",
      "user": ["{{ cookiecutter.wagtail_username }}"],
      "content_changed": true,
      "deleted": false,
      "page": 4,
      "revision": null
    }
  },
  {
    "model": "wagtailcore.pagelogentry",
    "pk": 5,
    "fields": {
      "content_type": ["home", "aboutpage"],
      "label": "About",
      "action": "wagtail.publish",
      "data_json": "null",
      "timestamp": "2021-07-20T18:34:41.236Z",
      "user": ["{{ cookiecutter.wagtail_username }}"],
      "content_changed": true,
      "deleted": false,
      "page": 4,
      "revision": 2
    }
  },
  {
    "model": "wagtailcore.pagelogentry",
    "pk": 6,
    "fields": {
      "content_type": ["contact", "contactpage"],
      "label": "Contact",
      "action": "wagtail.create",
      "data_json": "\"\"",
      "timestamp": "2021-07-20T18:37:42.405Z",
      "user": ["{{ cookiecutter.wagtail_username }}"],
      "content_changed": true,
      "deleted": false,
      "page": 5,
      "revision": null
    }
  },
  {
    "model": "wagtailcore.pagelogentry",
    "pk": 7,
    "fields": {
      "content_type": ["contact", "contactpage"],
      "label": "Contact",
      "action": "wagtail.publish",
      "data_json": "null",
      "timestamp": "2021-07-20T18:37:43.783Z",
      "user": ["{{ cookiecutter.wagtail_username }}"],
      "content_changed": true,
      "deleted": false,
      "page": 5,
      "revision": 3
    }
  },
  {
    "model": "wagtailcore.pagelogentry",
    "pk": 8,
    "fields": {
      "content_type": ["blog", "articleindexpage"],
      "label": "Blog",
      "action": "wagtail.create",
      "data_json": "\"\"",
      "timestamp": "2021-07-20T18:39:24.377Z",
      "user": ["{{ cookiecutter.wagtail_username }}"],
      "content_changed": true,
      "deleted": false,
      "page": 6,
      "revision": null
    }
  },
  {
    "model": "wagtailcore.pagelogentry",
    "pk": 9,
    "fields": {
      "content_type": ["blog", "articleindexpage"],
      "label": "Blog",
      "action": "wagtail.publish",
      "data_json": "null",
      "timestamp": "2021-07-20T18:39:25.485Z",
      "user": ["{{ cookiecutter.wagtail_username }}"],
      "content_changed": true,
      "deleted": false,
      "page": 6,
      "revision": 4
    }
  },
  {
    "model": "wagtailcore.pagelogentry",
    "pk": 10,
    "fields": {
      "content_type": ["blog", "articlepage"],
      "label": "The purpose of lorem ipsum",
      "action": "wagtail.create",
      "data_json": "\"\"",
      "timestamp": "2021-07-20T18:45:31.609Z",
      "user": ["{{ cookiecutter.wagtail_username }}"],
      "content_changed": true,
      "deleted": false,
      "page": 7,
      "revision": null
    }
  },
  {
    "model": "wagtailcore.pagelogentry",
    "pk": 11,
    "fields": {
      "content_type": ["blog", "articlepage"],
      "label": "The purpose of lorem ipsum",
      "action": "wagtail.publish",
      "data_json": "null",
      "timestamp": "2021-07-20T18:45:33.013Z",
      "user": ["{{ cookiecutter.wagtail_username }}"],
      "content_changed": true,
      "deleted": false,
      "page": 7,
      "revision": 5
    }
  },
  {
    "model": "wagtailcore.pagelogentry",
    "pk": 12,
    "fields": {
      "content_type": ["blog", "articlepage"],
      "label": "The purpose of lorem ipsum",
      "action": "wagtail.edit",
      "data_json": "\"\"",
      "timestamp": "2021-07-20T18:46:53.052Z",
      "user": ["{{ cookiecutter.wagtail_username }}"],
      "content_changed": true,
      "deleted": false,
      "page": 7,
      "revision": 6
    }
  },
  {
    "model": "wagtailcore.pagelogentry",
    "pk": 13,
    "fields": {
      "content_type": ["blog", "articlepage"],
      "label": "The purpose of lorem ipsum",
      "action": "wagtail.publish",
      "data_json": "null",
      "timestamp": "2021-07-20T18:46:54.374Z",
      "user": ["{{ cookiecutter.wagtail_username }}"],
      "content_changed": true,
      "deleted": false,
      "page": 7,
      "revision": 6
    }
  },
  {
    "model": "wagtailcore.pagelogentry",
    "pk": 14,
    "fields": {
      "content_type": ["blog", "articlepage"],
      "label": "Sheets of lettering can now be rubbed on anywhere",
      "action": "wagtail.create",
      "data_json": "\"\"",
      "timestamp": "2021-07-20T19:09:40.968Z",
      "user": ["{{ cookiecutter.wagtail_username }}"],
      "content_changed": true,
      "deleted": false,
      "page": 8,
      "revision": null
    }
  },
  {
    "model": "wagtailcore.pagelogentry",
    "pk": 15,
    "fields": {
      "content_type": ["blog", "articlepage"],
      "label": "Sheets of lettering can now be rubbed on anywhere",
      "action": "wagtail.publish",
      "data_json": "null",
      "timestamp": "2021-07-20T19:09:42.424Z",
      "user": ["{{ cookiecutter.wagtail_username }}"],
      "content_changed": true,
      "deleted": false,
      "page": 8,
      "revision": 7
    }
  },
  {
    "model": "wagtailcore.pagelogentry",
    "pk": 16,
    "fields": {
      "content_type": ["blog", "articlepage"],
      "label": "Fill minute sell my worry hour set",
      "action": "wagtail.create",
      "data_json": "\"\"",
      "timestamp": "2021-07-20T19:14:51.792Z",
      "user": ["{{ cookiecutter.wagtail_username }}"],
      "content_changed": true,
      "deleted": false,
      "page": 9,
      "revision": null
    }
  },
  {
    "model": "wagtailcore.pagelogentry",
    "pk": 17,
    "fields": {
      "content_type": ["blog", "articlepage"],
      "label": "Fill minute sell my worry hour set",
      "action": "wagtail.publish",
      "data_json": "null",
      "timestamp": "2021-07-20T19:14:53.244Z",
      "user": ["{{ cookiecutter.wagtail_username }}"],
      "content_changed": true,
      "deleted": false,
      "page": 9,
      "revision": 8
    }
  },
  {
    "model": "wagtailcore.pagelogentry",
    "pk": 18,
    "fields": {
      "content_type": ["blog", "articlepage"],
      "label": "For those times when you need some legal-sounding gibberish",
      "action": "wagtail.create",
      "data_json": "\"\"",
      "timestamp": "2021-07-20T19:20:33.826Z",
      "user": ["{{ cookiecutter.wagtail_username }}"],
      "content_changed": true,
      "deleted": false,
      "page": 10,
      "revision": null
    }
  },
  {
    "model": "wagtailcore.pagelogentry",
    "pk": 19,
    "fields": {
      "content_type": ["blog", "articlepage"],
      "label": "For those times when you need some legal-sounding gibberish",
      "action": "wagtail.publish",
      "data_json": "null",
      "timestamp": "2021-07-20T19:20:35.406Z",
      "user": ["{{ cookiecutter.wagtail_username }}"],
      "content_changed": true,
      "deleted": false,
      "page": 10,
      "revision": 9
    }
  },
  {
    "model": "wagtailcore.pagelogentry",
    "pk": 20,
    "fields": {
      "content_type": ["blog", "articlepage"],
      "label": "Course play good send dream seem early poor situation great employee",
      "action": "wagtail.create",
      "data_json": "\"\"",
      "timestamp": "2021-07-20T19:25:23.432Z",
      "user": ["{{ cookiecutter.wagtail_username }}"],
      "content_changed": true,
      "deleted": false,
      "page": 11,
      "revision": null
    }
  },
  {
    "model": "wagtailcore.pagelogentry",
    "pk": 21,
    "fields": {
      "content_type": ["blog", "articlepage"],
      "label": "Course play good send dream seem early poor situation great employee",
      "action": "wagtail.publish",
      "data_json": "null",
      "timestamp": "2021-07-20T19:25:24.502Z",
      "user": ["{{ cookiecutter.wagtail_username }}"],
      "content_changed": true,
      "deleted": false,
      "page": 11,
      "revision": 10
    }
  },
  {
    "model": "wagtailcore.pagelogentry",
    "pk": 22,
    "fields": {
      "content_type": ["blog", "articlepage"],
      "label": "Oil assume describe ability conference learn program evidence back magazine worry play window",
      "action": "wagtail.create",
      "data_json": "\"\"",
      "timestamp": "2021-07-20T19:27:53.059Z",
      "user": ["{{ cookiecutter.wagtail_username }}"],
      "content_changed": true,
      "deleted": false,
      "page": 12,
      "revision": null
    }
  },
  {
    "model": "wagtailcore.pagelogentry",
    "pk": 23,
    "fields": {
      "content_type": ["blog", "articlepage"],
      "label": "Oil assume describe ability conference learn program evidence back magazine worry play window",
      "action": "wagtail.publish",
      "data_json": "null",
      "timestamp": "2021-07-20T19:27:54.486Z",
      "user": ["{{ cookiecutter.wagtail_username }}"],
      "content_changed": true,
      "deleted": false,
      "page": 12,
      "revision": 11
    }
  },
  {
    "model": "wagtailcore.pagelogentry",
    "pk": 24,
    "fields": {
      "content_type": ["blog", "articlepage"],
      "label": "Aute deserunt salami sunt pork loin officia pariatur andouille pork belly adipisicing non culpa",
      "action": "wagtail.create",
      "data_json": "\"\"",
      "timestamp": "2021-07-20T19:29:55.803Z",
      "user": ["{{ cookiecutter.wagtail_username }}"],
      "content_changed": true,
      "deleted": false,
      "page": 13,
      "revision": null
    }
  },
  {
    "model": "wagtailcore.pagesubscription",
    "pk": 1,
    "fields": {
      "user": ["{{ cookiecutter.wagtail_username }}"],
      "page": 3,
      "comment_notifications": true
    }
  },
  {
    "model": "wagtailcore.pagesubscription",
    "pk": 2,
    "fields": {
      "user": ["{{ cookiecutter.wagtail_username }}"],
      "page": 4,
      "comment_notifications": true
    }
  },
  {
    "model": "wagtailcore.pagesubscription",
    "pk": 3,
    "fields": {
      "user": ["{{ cookiecutter.wagtail_username }}"],
      "page": 5,
      "comment_notifications": true
    }
  },
  {
    "model": "wagtailcore.pagesubscription",
    "pk": 4,
    "fields": {
      "user": ["{{ cookiecutter.wagtail_username }}"],
      "page": 6,
      "comment_notifications": true
    }
  },
  {
    "model": "wagtailcore.pagesubscription",
    "pk": 5,
    "fields": {
      "user": ["{{ cookiecutter.wagtail_username }}"],
      "page": 7,
      "comment_notifications": true
    }
  },
  {
    "model": "wagtailcore.pagesubscription",
    "pk": 6,
    "fields": {
      "user": ["{{ cookiecutter.wagtail_username }}"],
      "page": 8,
      "comment_notifications": true
    }
  },
  {
    "model": "wagtailcore.pagesubscription",
    "pk": 7,
    "fields": {
      "user": ["{{ cookiecutter.wagtail_username }}"],
      "page": 9,
      "comment_notifications": true
    }
  },
  {
    "model": "wagtailcore.pagesubscription",
    "pk": 8,
    "fields": {
      "user": ["{{ cookiecutter.wagtail_username }}"],
      "page": 10,
      "comment_notifications": true
    }
  },
  {
    "model": "wagtailcore.pagesubscription",
    "pk": 9,
    "fields": {
      "user": ["{{ cookiecutter.wagtail_username }}"],
      "page": 11,
      "comment_notifications": true
    }
  },
  {
    "model": "wagtailcore.pagesubscription",
    "pk": 10,
    "fields": {
      "user": ["{{ cookiecutter.wagtail_username }}"],
      "page": 12,
      "comment_notifications": true
    }
  },
  {
    "model": "wagtailcore.pagesubscription",
    "pk": 11,
    "fields": {
      "user": ["{{ cookiecutter.wagtail_username }}"],
      "page": 13,
      "comment_notifications": true
    }
  },
  {
    "model": "taggit.tag",
    "pk": 1,
    "fields": {
      "name": "prose",
      "slug": "prose"
    }
  },
  {
    "model": "taggit.tag",
    "pk": 2,
    "fields": {
      "name": "machines",
      "slug": "machines"
    }
  },
  {
    "model": "sites.site",
    "pk": 1,
    "fields": {
      "domain": "example.com",
      "name": "example.com"
    }
  }
]
